"","TP","Transect","Coral.ID","Growth_form","Colour_morph","Size","Healthy","Colour","Number","Area","Partial_mortality","Other_mortality","transect_ID","Dim.1","Dim.2","Dim.3","Dim.4","new_Dim.1","new_Dim.2","new_Dim.3","new_Dim.4","new_Other_mortality","Transect_ID","occ"
"1","April","EB01","1","Enc","Brown","Small","Health","Health",0,0,10,10,"April _ EB01",13.62735302,20.54186819,1.647433647,-1.10072408,1.19282560415389,2.6458565314014,0.437351222828697,-0.366032759498041,10,"EB01_April",0
"2","April","EB01","2","Enc","Brown","Small","Health","Health",0,0,4,4,"April _ EB01",13.62735302,20.54186819,1.647433647,-1.10072408,1.19282560415389,2.6458565314014,0.437351222828697,-0.366032759498041,4,"EB01_April",0
"3","April","EB01","3","Enc","Brown","Small","Diseased","Health",2,14,20,6,"April _ EB01",13.62735302,20.54186819,1.647433647,-1.10072408,1.19282560415389,2.6458565314014,0.437351222828697,-0.366032759498041,6,"EB01_April",1
"4","April","EB01","4","Enc","Brown","Small","Health","Health",0,0,25,25,"April _ EB01",13.62735302,20.54186819,1.647433647,-1.10072408,1.19282560415389,2.6458565314014,0.437351222828697,-0.366032759498041,25,"EB01_April",0
"5","April","EB01","5","Enc","Brown","Small","Diseased","Health",2,6,10,4,"April _ EB01",13.62735302,20.54186819,1.647433647,-1.10072408,1.19282560415389,2.6458565314014,0.437351222828697,-0.366032759498041,4,"EB01_April",1
"6","April","EB01","6","Enc","Brown","Medium","Health","Health",0,0,0,0,"April _ EB01",13.62735302,20.54186819,1.647433647,-1.10072408,1.19282560415389,2.6458565314014,0.437351222828697,-0.366032759498041,0,"EB01_April",0
"7","April","EB01","7","Foliose","Brown","Medium","Diseased","Health",5,9,21,12,"April _ EB01",13.62735302,20.54186819,1.647433647,-1.10072408,1.19282560415389,2.6458565314014,0.437351222828697,-0.366032759498041,12,"EB01_April",1
"8","April","EB01","8","Enc","Brown","Medium","Diseased","Health",2,2,30,28,"April _ EB01",13.62735302,20.54186819,1.647433647,-1.10072408,1.19282560415389,2.6458565314014,0.437351222828697,-0.366032759498041,28,"EB01_April",1
"9","April","EB01","9","Enc","Brown","Small","Diseased","Health",4,4,8,4,"April _ EB01",13.62735302,20.54186819,1.647433647,-1.10072408,1.19282560415389,2.6458565314014,0.437351222828697,-0.366032759498041,4,"EB01_April",1
"10","April","EB01","10","Enc","Brown","Small","Health","Health",0,0,39,39,"April _ EB01",13.62735302,20.54186819,1.647433647,-1.10072408,1.19282560415389,2.6458565314014,0.437351222828697,-0.366032759498041,39,"EB01_April",0
"11","April","EB01","11","Enc","Brown","Small","Health","Health",0,0,20,20,"April _ EB01",13.62735302,20.54186819,1.647433647,-1.10072408,1.19282560415389,2.6458565314014,0.437351222828697,-0.366032759498041,20,"EB01_April",0
"12","April","EB01","12","Foliose","Brown","Large","Diseased","Health",8,26,42,16,"April _ EB01",13.62735302,20.54186819,1.647433647,-1.10072408,1.19282560415389,2.6458565314014,0.437351222828697,-0.366032759498041,16,"EB01_April",1
"13","April","EB01","13","Foliose","Brown","Small","Diseased","Health",3,10,15,5,"April _ EB01",13.62735302,20.54186819,1.647433647,-1.10072408,1.19282560415389,2.6458565314014,0.437351222828697,-0.366032759498041,5,"EB01_April",1
"14","April","EB01","14","Foliose","Brown","Small","Health","Health",0,0,10,10,"April _ EB01",13.62735302,20.54186819,1.647433647,-1.10072408,1.19282560415389,2.6458565314014,0.437351222828697,-0.366032759498041,10,"EB01_April",0
"15","April","EB01","15","Foliose","Brown","Medium","Diseased","Health",1,25,30,5,"April _ EB01",13.62735302,20.54186819,1.647433647,-1.10072408,1.19282560415389,2.6458565314014,0.437351222828697,-0.366032759498041,5,"EB01_April",1
"16","April","EB01","16","Enc","Brown","Small","Diseased","Health",8,20,28,8,"April _ EB01",13.62735302,20.54186819,1.647433647,-1.10072408,1.19282560415389,2.6458565314014,0.437351222828697,-0.366032759498041,8,"EB01_April",1
"17","April","EB01","17","Enc","Brown","Small","Diseased","Health",5,29,29,0,"April _ EB01",13.62735302,20.54186819,1.647433647,-1.10072408,1.19282560415389,2.6458565314014,0.437351222828697,-0.366032759498041,0,"EB01_April",1
"18","April","EB01","18","Enc","Brown","Small","Health","Health",0,0,6,6,"April _ EB01",13.62735302,20.54186819,1.647433647,-1.10072408,1.19282560415389,2.6458565314014,0.437351222828697,-0.366032759498041,6,"EB01_April",0
"19","April","EB01","19","Enc","Brown","Small","Diseased","Health",3,5,15,10,"April _ EB01",13.62735302,20.54186819,1.647433647,-1.10072408,1.19282560415389,2.6458565314014,0.437351222828697,-0.366032759498041,10,"EB01_April",1
"20","April","EB02","20","Enc","Brown","Small","Health","Pale",0,0,23,23,"April _ EB02",8.381100298,-8.669207255,-4.14915237,1.313834537,0.634383024417595,-1.06352492803268,-0.777905204778499,0.130638217451923,23,"EB02_April",0
"21","April","EB02","21","Enc","Brown","Small","Diseased","Pale",3,14,16,2,"April _ EB02",8.381100298,-8.669207255,-4.14915237,1.313834537,0.634383024417595,-1.06352492803268,-0.777905204778499,0.130638217451923,2,"EB02_April",1
"22","April","EB02","22","Foliose","Brown","Small","Health","Health",0,0,5,5,"April _ EB02",8.381100298,-8.669207255,-4.14915237,1.313834537,0.634383024417595,-1.06352492803268,-0.777905204778499,0.130638217451923,5,"EB02_April",0
"23","April","EB02","23","Foliose","Purple","Large","Health","Health",0,0,7,7,"April _ EB02",8.381100298,-8.669207255,-4.14915237,1.313834537,0.634383024417595,-1.06352492803268,-0.777905204778499,0.130638217451923,7,"EB02_April",0
"24","April","EB02","24","Foliose","Brown","Large","Health","Pale",0,0,26,26,"April _ EB02",8.381100298,-8.669207255,-4.14915237,1.313834537,0.634383024417595,-1.06352492803268,-0.777905204778499,0.130638217451923,26,"EB02_April",0
"25","April","EB02","25","Foliose","Brown","Small","Diseased","Pale",3,35,39,4,"April _ EB02",8.381100298,-8.669207255,-4.14915237,1.313834537,0.634383024417595,-1.06352492803268,-0.777905204778499,0.130638217451923,4,"EB02_April",1
"26","April","EB02","26","Foliose","Purple","Large","Health","Health",0,0,15,15,"April _ EB02",8.381100298,-8.669207255,-4.14915237,1.313834537,0.634383024417595,-1.06352492803268,-0.777905204778499,0.130638217451923,15,"EB02_April",0
"27","April","EB02","27","Foliose","Brown","Small","Diseased","Health",2,8,13,5,"April _ EB02",8.381100298,-8.669207255,-4.14915237,1.313834537,0.634383024417595,-1.06352492803268,-0.777905204778499,0.130638217451923,5,"EB02_April",1
"28","April","EB05","28","Enc","Brown","Small","Health","Health",0,0,4,4,"April _ EB05",7.800766465,0.027481942,0.244376647,-3.104669137,0.572608813379354,0.0408280331087857,0.143199797740085,-0.778241161566518,4,"EB05_April",0
"29","April","EB05","29","Enc","Purple","Small","Health","Health",0,0,6,6,"April _ EB05",7.800766465,0.027481942,0.244376647,-3.104669137,0.572608813379354,0.0408280331087857,0.143199797740085,-0.778241161566518,6,"EB05_April",0
"30","April","EB05","30","Enc","Brown","Medium","Health","Health",0,0,54,54,"April _ EB05",7.800766465,0.027481942,0.244376647,-3.104669137,0.572608813379354,0.0408280331087857,0.143199797740085,-0.778241161566518,54,"EB05_April",0
"31","April","EB05","31","Enc","Brown","Small","Health","Health",0,0,34,34,"April _ EB05",7.800766465,0.027481942,0.244376647,-3.104669137,0.572608813379354,0.0408280331087857,0.143199797740085,-0.778241161566518,34,"EB05_April",0
"32","April","EB05","32","Foliose","Brown","Medium","Diseased","Health",5,11,46,35,"April _ EB05",7.800766465,0.027481942,0.244376647,-3.104669137,0.572608813379354,0.0408280331087857,0.143199797740085,-0.778241161566518,35,"EB05_April",1
"33","April","EB05","33","Enc","Brown","Medium","Diseased","Health",2,6,12,6,"April _ EB05",7.800766465,0.027481942,0.244376647,-3.104669137,0.572608813379354,0.0408280331087857,0.143199797740085,-0.778241161566518,6,"EB05_April",1
"34","April","EB05","34","Foliose","Brown","Small","Health","Health",0,0,5,5,"April _ EB05",7.800766465,0.027481942,0.244376647,-3.104669137,0.572608813379354,0.0408280331087857,0.143199797740085,-0.778241161566518,5,"EB05_April",0
"35","April","EB05","35","Enc","Brown","Medium","Health","Pale",0,0,26,26,"April _ EB05",7.800766465,0.027481942,0.244376647,-3.104669137,0.572608813379354,0.0408280331087857,0.143199797740085,-0.778241161566518,26,"EB05_April",0
"36","April","EB05","36","Foliose","Brown","Large","Diseased","Pale",8,20,55,35,"April _ EB05",7.800766465,0.027481942,0.244376647,-3.104669137,0.572608813379354,0.0408280331087857,0.143199797740085,-0.778241161566518,35,"EB05_April",1
"37","April","EB05","37","Foliose","Brown","Medium","Health","Health",0,0,23,23,"April _ EB05",7.800766465,0.027481942,0.244376647,-3.104669137,0.572608813379354,0.0408280331087857,0.143199797740085,-0.778241161566518,23,"EB05_April",0
"38","April","EB05","38","Foliose","Brown","Medium","Diseased","Pale",2,13,56,43,"April _ EB05",7.800766465,0.027481942,0.244376647,-3.104669137,0.572608813379354,0.0408280331087857,0.143199797740085,-0.778241161566518,43,"EB05_April",1
"39","April","EB05","39","Enc","Brown","Large","Health","Pale",0,0,60,60,"April _ EB05",7.800766465,0.027481942,0.244376647,-3.104669137,0.572608813379354,0.0408280331087857,0.143199797740085,-0.778241161566518,60,"EB05_April",0
"40","April","EB05","40","Enc","Brown","Small","Diseased","Pale",2,15,18,3,"April _ EB05",7.800766465,0.027481942,0.244376647,-3.104669137,0.572608813379354,0.0408280331087857,0.143199797740085,-0.778241161566518,3,"EB05_April",1
"41","April","EB05","41","Foliose","Brown","Small","Diseased","Pale",2,15,57,42,"April _ EB05",7.800766465,0.027481942,0.244376647,-3.104669137,0.572608813379354,0.0408280331087857,0.143199797740085,-0.778241161566518,42,"EB05_April",1
"42","April","EB05","42","Foliose","Brown","Medium","Health","Health",3,8,10,2,"April _ EB05",7.800766465,0.027481942,0.244376647,-3.104669137,0.572608813379354,0.0408280331087857,0.143199797740085,-0.778241161566518,2,"EB05_April",0
"43","April","EB05","43","Foliose","Brown","Small","Health","Pale",0,0,6,6,"April _ EB05",7.800766465,0.027481942,0.244376647,-3.104669137,0.572608813379354,0.0408280331087857,0.143199797740085,-0.778241161566518,6,"EB05_April",0
"44","April","EB05","44","Enc","Brown","Medium","Health","Health",0,0,8,8,"April _ EB05",7.800766465,0.027481942,0.244376647,-3.104669137,0.572608813379354,0.0408280331087857,0.143199797740085,-0.778241161566518,8,"EB05_April",0
"45","April","EB05","45","Enc","Brown","Medium","Health","Health",0,0,34,34,"April _ EB05",7.800766465,0.027481942,0.244376647,-3.104669137,0.572608813379354,0.0408280331087857,0.143199797740085,-0.778241161566518,34,"EB05_April",0
"46","April","EB05","46","Enc","Brown","Medium","Health","Health",0,0,22,22,"April _ EB05",7.800766465,0.027481942,0.244376647,-3.104669137,0.572608813379354,0.0408280331087857,0.143199797740085,-0.778241161566518,22,"EB05_April",0
"47","April","EB06","47","Foliose","Brown","Medium","Diseased","Pale",4,8,34,26,"April _ EB06",3.758852999,-8.652589007,11.86457179,-2.885075333,0.142363321476434,-1.06141465238961,2.57937805786866,-0.733071055362864,26,"EB06_April",1
"48","April","EB06","48","Foliose","Brown","Medium","Diseased","Pale",1,23,31,8,"April _ EB06",3.758852999,-8.652589007,11.86457179,-2.885075333,0.142363321476434,-1.06141465238961,2.57937805786866,-0.733071055362864,8,"EB06_April",1
"49","April","EB06","49","Enc","Brown","Large","Diseased","Pale",4,6,34,28,"April _ EB06",3.758852999,-8.652589007,11.86457179,-2.885075333,0.142363321476434,-1.06141465238961,2.57937805786866,-0.733071055362864,28,"EB06_April",1
"50","April","EB06","50","Enc","Brown","Small","Diseased","Pale",2,5,26,21,"April _ EB06",3.758852999,-8.652589007,11.86457179,-2.885075333,0.142363321476434,-1.06141465238961,2.57937805786866,-0.733071055362864,21,"EB06_April",1
"51","April","EB06","51","Foliose","Brown","Medium","Diseased","Health",1,4,9,5,"April _ EB06",3.758852999,-8.652589007,11.86457179,-2.885075333,0.142363321476434,-1.06141465238961,2.57937805786866,-0.733071055362864,5,"EB06_April",1
"52","April","EB06","52","Enc","Brown","Small","Diseased","Pale",1,5,25,20,"April _ EB06",3.758852999,-8.652589007,11.86457179,-2.885075333,0.142363321476434,-1.06141465238961,2.57937805786866,-0.733071055362864,20,"EB06_April",1
"53","April","EB06","53","Enc","Brown","Small","Health","Health",0,0,6,6,"April _ EB06",3.758852999,-8.652589007,11.86457179,-2.885075333,0.142363321476434,-1.06141465238961,2.57937805786866,-0.733071055362864,6,"EB06_April",0
"54","April","EB07","54","Enc","Brown","Small","Diseased","Pale",2,4,28,24,"April _ EB07",8.743769113,-7.627520957,-5.142062335,-2.757625522,0.672987666506071,-0.931245928321657,-0.986069150498048,-0.706854826154021,24,"EB07_April",1
"55","April","EB07","55","Enc","Brown","Medium","Diseased","Pale",4,8,34,26,"April _ EB07",8.743769113,-7.627520957,-5.142062335,-2.757625522,0.672987666506071,-0.931245928321657,-0.986069150498048,-0.706854826154021,26,"EB07_April",1
"56","April","EB07","56","Enc","Brown","Small","Health","Health",0,0,8,8,"April _ EB07",8.743769113,-7.627520957,-5.142062335,-2.757625522,0.672987666506071,-0.931245928321657,-0.986069150498048,-0.706854826154021,8,"EB07_April",0
"57","April","EB07","57","Enc","Brown","Small","Health","Pale",0,0,6,6,"April _ EB07",8.743769113,-7.627520957,-5.142062335,-2.757625522,0.672987666506071,-0.931245928321657,-0.986069150498048,-0.706854826154021,6,"EB07_April",0
"58","April","EB07","58","Enc","Brown","Small","Diseased","Health",2,14,31,17,"April _ EB07",8.743769113,-7.627520957,-5.142062335,-2.757625522,0.672987666506071,-0.931245928321657,-0.986069150498048,-0.706854826154021,17,"EB07_April",1
"59","April","EB07","59","Foliose","Brown","Large","Diseased","Health",5,20,42,22,"April _ EB07",8.743769113,-7.627520957,-5.142062335,-2.757625522,0.672987666506071,-0.931245928321657,-0.986069150498048,-0.706854826154021,22,"EB07_April",1
"60","April","EB07","60","Foliose","Brown","Medium","Diseased","Pale",5,45,51,6,"April _ EB07",8.743769113,-7.627520957,-5.142062335,-2.757625522,0.672987666506071,-0.931245928321657,-0.986069150498048,-0.706854826154021,6,"EB07_April",1
"61","April","EB07","61","Foliose","Brown","Medium","Diseased","Health",3,5,36,31,"April _ EB07",8.743769113,-7.627520957,-5.142062335,-2.757625522,0.672987666506071,-0.931245928321657,-0.986069150498048,-0.706854826154021,31,"EB07_April",1
"62","April","EB07","62","Foliose","Brown","Medium","Diseased","Health",5,14,28,14,"April _ EB07",8.743769113,-7.627520957,-5.142062335,-2.757625522,0.672987666506071,-0.931245928321657,-0.986069150498048,-0.706854826154021,14,"EB07_April",1
"63","April","EB07","63","Foliose","Brown","Large","Diseased","Pale",4,16,23,7,"April _ EB07",8.743769113,-7.627520957,-5.142062335,-2.757625522,0.672987666506071,-0.931245928321657,-0.986069150498048,-0.706854826154021,7,"EB07_April",1
"64","April","EB07","64","Foliose","Brown","Large","Diseased","Health",1,10,34,24,"April _ EB07",8.743769113,-7.627520957,-5.142062335,-2.757625522,0.672987666506071,-0.931245928321657,-0.986069150498048,-0.706854826154021,24,"EB07_April",1
"65","April","EB07","65","Foliose","Brown","Large","Diseased","Health",1,20,52,32,"April _ EB07",8.743769113,-7.627520957,-5.142062335,-2.757625522,0.672987666506071,-0.931245928321657,-0.986069150498048,-0.706854826154021,32,"EB07_April",1
"66","April","EB07","66","Foliose","Brown","Medium","Diseased","Health",2,5,18,13,"April _ EB07",8.743769113,-7.627520957,-5.142062335,-2.757625522,0.672987666506071,-0.931245928321657,-0.986069150498048,-0.706854826154021,13,"EB07_April",1
"67","April","EB07","67","Foliose","Brown","Large","Diseased","Health",3,4,21,17,"April _ EB07",8.743769113,-7.627520957,-5.142062335,-2.757625522,0.672987666506071,-0.931245928321657,-0.986069150498048,-0.706854826154021,17,"EB07_April",1
"68","April","EB07","68","Foliose","Brown","Medium","Health","Health",0,0,22,22,"April _ EB07",8.743769113,-7.627520957,-5.142062335,-2.757625522,0.672987666506071,-0.931245928321657,-0.986069150498048,-0.706854826154021,22,"EB07_April",0
"69","April","EB07","69","Enc","Brown","Small","Diseased","Health",1,8,16,8,"April _ EB07",8.743769113,-7.627520957,-5.142062335,-2.757625522,0.672987666506071,-0.931245928321657,-0.986069150498048,-0.706854826154021,8,"EB07_April",1
"70","April","EB07","70","Enc","Brown","Medium","Health","Health",0,0,38,38,"April _ EB07",8.743769113,-7.627520957,-5.142062335,-2.757625522,0.672987666506071,-0.931245928321657,-0.986069150498048,-0.706854826154021,38,"EB07_April",0
"71","April","EB07","71","Foliose","Brown","Large","Diseased","Health",5,9,27,18,"April _ EB07",8.743769113,-7.627520957,-5.142062335,-2.757625522,0.672987666506071,-0.931245928321657,-0.986069150498048,-0.706854826154021,18,"EB07_April",1
"72","April","EB07","72","Enc","Brown","Medium","Diseased","Health",2,58,62,4,"April _ EB07",8.743769113,-7.627520957,-5.142062335,-2.757625522,0.672987666506071,-0.931245928321657,-0.986069150498048,-0.706854826154021,4,"EB07_April",1
"73","April","EB07","73","Foliose","Brown","Medium","Diseased","Health",3,28,34,6,"April _ EB07",8.743769113,-7.627520957,-5.142062335,-2.757625522,0.672987666506071,-0.931245928321657,-0.986069150498048,-0.706854826154021,6,"EB07_April",1
"74","April","EB11","74","Foliose","Brown","Medium","Diseased","Pale",5,16,48,32,"April _ EB11",13.02482927,6.003006287,-1.18353366,-5.968805398,1.12868936536932,0.799632660397301,-0.156162132461444,-1.36738956527607,32,"EB11_April",1
"75","April","EB11","75","Foliose","Brown","Medium","Health","Health",0,0,3,3,"April _ EB11",13.02482927,6.003006287,-1.18353366,-5.968805398,1.12868936536932,0.799632660397301,-0.156162132461444,-1.36738956527607,3,"EB11_April",0
"76","April","EB11","76","Foliose","Brown","Large","Diseased","Pale",6,26,51,25,"April _ EB11",13.02482927,6.003006287,-1.18353366,-5.968805398,1.12868936536932,0.799632660397301,-0.156162132461444,-1.36738956527607,25,"EB11_April",1
"77","April","EB11","77","Foliose","Brown","Small","Health","Health",0,0,12,12,"April _ EB11",13.02482927,6.003006287,-1.18353366,-5.968805398,1.12868936536932,0.799632660397301,-0.156162132461444,-1.36738956527607,12,"EB11_April",0
"78","April","EB11","78","Foliose","Brown","Medium","Diseased","Health",6,8,37,29,"April _ EB11",13.02482927,6.003006287,-1.18353366,-5.968805398,1.12868936536932,0.799632660397301,-0.156162132461444,-1.36738956527607,29,"EB11_April",1
"79","April","EB11","79","Enc","Brown","Small","Health","Pale",0,0,4,4,"April _ EB11",13.02482927,6.003006287,-1.18353366,-5.968805398,1.12868936536932,0.799632660397301,-0.156162132461444,-1.36738956527607,4,"EB11_April",0
"80","April","EB11","80","Enc","Brown","Medium","Health","Pale",0,0,20,20,"April _ EB11",13.02482927,6.003006287,-1.18353366,-5.968805398,1.12868936536932,0.799632660397301,-0.156162132461444,-1.36738956527607,20,"EB11_April",0
"81","April","EB11","81","Enc","Brown","Medium","Diseased","Health",4,21,47,26,"April _ EB11",13.02482927,6.003006287,-1.18353366,-5.968805398,1.12868936536932,0.799632660397301,-0.156162132461444,-1.36738956527607,26,"EB11_April",1
"82","April","EB11","82","Foliose","Brown","Medium","Health","Health",0,0,45,45,"April _ EB11",13.02482927,6.003006287,-1.18353366,-5.968805398,1.12868936536932,0.799632660397301,-0.156162132461444,-1.36738956527607,45,"EB11_April",0
"83","April","EB11","83","Foliose","Brown","Medium","Health","Health",0,0,68,68,"April _ EB11",13.02482927,6.003006287,-1.18353366,-5.968805398,1.12868936536932,0.799632660397301,-0.156162132461444,-1.36738956527607,68,"EB11_April",0
"84","April","EB11","84","Enc","Brown","Large","Diseased","Health",8,23,72,49,"April _ EB11",13.02482927,6.003006287,-1.18353366,-5.968805398,1.12868936536932,0.799632660397301,-0.156162132461444,-1.36738956527607,49,"EB11_April",1
"85","April","EB11","85","Enc","Brown","Large","Diseased","Health",2,6,12,6,"April _ EB11",13.02482927,6.003006287,-1.18353366,-5.968805398,1.12868936536932,0.799632660397301,-0.156162132461444,-1.36738956527607,6,"EB11_April",1
"86","April","EB11","86","Enc","Purple","Medium","Diseased","Health",3,7,72,65,"April _ EB11",13.02482927,6.003006287,-1.18353366,-5.968805398,1.12868936536932,0.799632660397301,-0.156162132461444,-1.36738956527607,65,"EB11_April",1
"87","April","SB01","87","Foliose","Brown","Large","Diseased","Health",4,12,28,16,"April _ SB01",8.272775755,6.972096643,-3.897117541,-3.144856148,0.622852310887917,0.922693031996117,-0.725066008564578,-0.786507567639056,16,"SB01_April",1
"88","April","SB01","88","Foliose","Brown","Large","Diseased","Health",8,4,41,37,"April _ SB01",8.272775755,6.972096643,-3.897117541,-3.144856148,0.622852310887917,0.922693031996117,-0.725066008564578,-0.786507567639056,37,"SB01_April",1
"89","April","SB01","89","Foliose","Brown","Medium","Diseased","Health",5,6,22,16,"April _ SB01",8.272775755,6.972096643,-3.897117541,-3.144856148,0.622852310887917,0.922693031996117,-0.725066008564578,-0.786507567639056,16,"SB01_April",1
"90","April","SB01","90","Foliose","Brown","Medium","Diseased","Health",5,16,27,11,"April _ SB01",8.272775755,6.972096643,-3.897117541,-3.144856148,0.622852310887917,0.922693031996117,-0.725066008564578,-0.786507567639056,11,"SB01_April",1
"91","April","SB01","91","Foliose","Brown","Large","Diseased","Health",3,34,53,19,"April _ SB01",8.272775755,6.972096643,-3.897117541,-3.144856148,0.622852310887917,0.922693031996117,-0.725066008564578,-0.786507567639056,19,"SB01_April",1
"92","April","SB01","92","Foliose","Brown","Medium","Diseased","Health",2,5,27,22,"April _ SB01",8.272775755,6.972096643,-3.897117541,-3.144856148,0.622852310887917,0.922693031996117,-0.725066008564578,-0.786507567639056,22,"SB01_April",1
"93","April","SB01","93","Foliose","Brown","Large","Diseased","Health",7,6,21,15,"April _ SB01",8.272775755,6.972096643,-3.897117541,-3.144856148,0.622852310887917,0.922693031996117,-0.725066008564578,-0.786507567639056,15,"SB01_April",1
"94","April","SB01","94","Foliose","Brown","Large","Diseased","Health",3,5,24,19,"April _ SB01",8.272775755,6.972096643,-3.897117541,-3.144856148,0.622852310887917,0.922693031996117,-0.725066008564578,-0.786507567639056,19,"SB01_April",1
"95","April","SB01","95","Enc","Brown","Large","Diseased","Health",4,13,53,40,"April _ SB01",8.272775755,6.972096643,-3.897117541,-3.144856148,0.622852310887917,0.922693031996117,-0.725066008564578,-0.786507567639056,40,"SB01_April",1
"96","April","SB01","96","Foliose","Brown","Large","Diseased","Health",6,8,21,13,"April _ SB01",8.272775755,6.972096643,-3.897117541,-3.144856148,0.622852310887917,0.922693031996117,-0.725066008564578,-0.786507567639056,13,"SB01_April",1
"97","April","SB01","97","Foliose","Brown","Large","Diseased","Health",9,32,54,22,"April _ SB01",8.272775755,6.972096643,-3.897117541,-3.144856148,0.622852310887917,0.922693031996117,-0.725066008564578,-0.786507567639056,22,"SB01_April",1
"98","April","SB01","98","Foliose","Brown","Large","Diseased","Health",3,6,15,9,"April _ SB01",8.272775755,6.972096643,-3.897117541,-3.144856148,0.622852310887917,0.922693031996117,-0.725066008564578,-0.786507567639056,9,"SB01_April",1
"99","April","SB01","99","Enc","Brown","Medium","Health","Health",0,0,18,18,"April _ SB01",8.272775755,6.972096643,-3.897117541,-3.144856148,0.622852310887917,0.922693031996117,-0.725066008564578,-0.786507567639056,18,"SB01_April",0
"100","April","SB01","100","Foliose","Brown","Small","Health","Health",0,0,11,11,"April _ SB01",8.272775755,6.972096643,-3.897117541,-3.144856148,0.622852310887917,0.922693031996117,-0.725066008564578,-0.786507567639056,11,"SB01_April",0
"101","April","SB01","101","Foliose","Brown","Small","Health","Health",0,0,5,5,"April _ SB01",8.272775755,6.972096643,-3.897117541,-3.144856148,0.622852310887917,0.922693031996117,-0.725066008564578,-0.786507567639056,5,"SB01_April",0
"102","April","SB02","102","Foliose","Brown","Medium","Health","Pale",0,0,17,17,"April _ SB02",10.15491357,-6.961276848,1.03604842,-5.063288063,0.823198339286477,-0.84664262263252,0.309174081201397,-1.18112604851855,17,"SB02_April",0
"103","April","SB02","103","Foliose","Brown","Medium","Diseased","Health",3,15,25,10,"April _ SB02",10.15491357,-6.961276848,1.03604842,-5.063288063,0.823198339286477,-0.84664262263252,0.309174081201397,-1.18112604851855,10,"SB02_April",1
"104","April","SB02","104","Enc","Brown","Small","Health","Health",0,0,24,24,"April _ SB02",10.15491357,-6.961276848,1.03604842,-5.063288063,0.823198339286477,-0.84664262263252,0.309174081201397,-1.18112604851855,24,"SB02_April",0
"105","April","SB02","105","Foliose","Brown","Large","Diseased","Health",4,5,15,10,"April _ SB02",10.15491357,-6.961276848,1.03604842,-5.063288063,0.823198339286477,-0.84664262263252,0.309174081201397,-1.18112604851855,10,"SB02_April",1
"106","April","SB02","106","Foliose","Brown","Large","Diseased","Health",3,13,45,32,"April _ SB02",10.15491357,-6.961276848,1.03604842,-5.063288063,0.823198339286477,-0.84664262263252,0.309174081201397,-1.18112604851855,32,"SB02_April",1
"107","April","SB02","107","Foliose","Brown","Large","Diseased","Health",5,12,25,13,"April _ SB02",10.15491357,-6.961276848,1.03604842,-5.063288063,0.823198339286477,-0.84664262263252,0.309174081201397,-1.18112604851855,13,"SB02_April",1
"108","April","SB02","108","Foliose","Brown","Medium","Diseased","Health",5,7,18,11,"April _ SB02",10.15491357,-6.961276848,1.03604842,-5.063288063,0.823198339286477,-0.84664262263252,0.309174081201397,-1.18112604851855,11,"SB02_April",1
"109","April","SB02","109","Foliose","Brown","Large","Diseased","Health",3,18,43,25,"April _ SB02",10.15491357,-6.961276848,1.03604842,-5.063288063,0.823198339286477,-0.84664262263252,0.309174081201397,-1.18112604851855,25,"SB02_April",1
"110","April","SB02","110","Foliose","Brown","Medium","Diseased","Health",1,5,7,2,"April _ SB02",10.15491357,-6.961276848,1.03604842,-5.063288063,0.823198339286477,-0.84664262263252,0.309174081201397,-1.18112604851855,2,"SB02_April",1
"111","April","SB02","111","Enc","Brown","Medium","Diseased","Health",3,23,38,15,"April _ SB02",10.15491357,-6.961276848,1.03604842,-5.063288063,0.823198339286477,-0.84664262263252,0.309174081201397,-1.18112604851855,15,"SB02_April",1
"112","April","SB02","112","Enc","Brown","Large","Health","Health",0,0,8,8,"April _ SB02",10.15491357,-6.961276848,1.03604842,-5.063288063,0.823198339286477,-0.84664262263252,0.309174081201397,-1.18112604851855,8,"SB02_April",0
"113","April","SB02","113","Foliose","Brown","Large","Health","Health",0,0,31,31,"April _ SB02",10.15491357,-6.961276848,1.03604842,-5.063288063,0.823198339286477,-0.84664262263252,0.309174081201397,-1.18112604851855,31,"SB02_April",0
"114","April","SB02","114","Foliose","Brown","Large","Health","Health",0,0,67,67,"April _ SB02",10.15491357,-6.961276848,1.03604842,-5.063288063,0.823198339286477,-0.84664262263252,0.309174081201397,-1.18112604851855,67,"SB02_April",0
"115","April","SB03","115","Foliose","Brown","Medium","Diseased","Health",3,31,47,16,"April _ SB03",7.532981487,-8.038524453,0.628309171,-2.447470298,0.544104175525778,-0.983437390792647,0.223691395068253,-0.643056375776531,16,"SB03_April",1
"116","April","SB03","116","Foliose","Brown","Large","Diseased","Health",3,7,15,8,"April _ SB03",7.532981487,-8.038524453,0.628309171,-2.447470298,0.544104175525778,-0.983437390792647,0.223691395068253,-0.643056375776531,8,"SB03_April",1
"117","April","SB03","117","Enc","Brown","Small","Diseased","Health",1,27,38,11,"April _ SB03",7.532981487,-8.038524453,0.628309171,-2.447470298,0.544104175525778,-0.983437390792647,0.223691395068253,-0.643056375776531,11,"SB03_April",1
"118","April","SB03","118","Foliose","Brown","Medium","Diseased","Pale",5,15,19,4,"April _ SB03",7.532981487,-8.038524453,0.628309171,-2.447470298,0.544104175525778,-0.983437390792647,0.223691395068253,-0.643056375776531,4,"SB03_April",1
"119","April","SB03","119","Foliose","Brown","Medium","Diseased","Health",5,8,10,2,"April _ SB03",7.532981487,-8.038524453,0.628309171,-2.447470298,0.544104175525778,-0.983437390792647,0.223691395068253,-0.643056375776531,2,"SB03_April",1
"120","April","SB03","120","Foliose","Brown","Medium","Health","Health",0,0,13,13,"April _ SB03",7.532981487,-8.038524453,0.628309171,-2.447470298,0.544104175525778,-0.983437390792647,0.223691395068253,-0.643056375776531,13,"SB03_April",0
"121","April","SB03","121","Foliose","Brown","Small","Diseased","Pale",5,42,45,3,"April _ SB03",7.532981487,-8.038524453,0.628309171,-2.447470298,0.544104175525778,-0.983437390792647,0.223691395068253,-0.643056375776531,3,"SB03_April",1
"122","April","SB03","122","Foliose","Brown","Small","Diseased","Pale",4,45,52,7,"April _ SB03",7.532981487,-8.038524453,0.628309171,-2.447470298,0.544104175525778,-0.983437390792647,0.223691395068253,-0.643056375776531,7,"SB03_April",1
"123","April","SB03","123","Enc","Brown","Small","Diseased","Health",5,15,73,58,"April _ SB03",7.532981487,-8.038524453,0.628309171,-2.447470298,0.544104175525778,-0.983437390792647,0.223691395068253,-0.643056375776531,58,"SB03_April",1
"124","April","SB03","124","Enc","Brown","Large","Diseased","Health",6,18,65,47,"April _ SB03",7.532981487,-8.038524453,0.628309171,-2.447470298,0.544104175525778,-0.983437390792647,0.223691395068253,-0.643056375776531,47,"SB03_April",1
"125","April","SB03","125","Enc","Brown","Medium","Diseased","Health",2,25,38,13,"April _ SB03",7.532981487,-8.038524453,0.628309171,-2.447470298,0.544104175525778,-0.983437390792647,0.223691395068253,-0.643056375776531,13,"SB03_April",1
"126","April","SB03","126","Foliose","Brown","Medium","Diseased","Health",6,15,35,20,"April _ SB03",7.532981487,-8.038524453,0.628309171,-2.447470298,0.544104175525778,-0.983437390792647,0.223691395068253,-0.643056375776531,20,"SB03_April",1
"127","April","SB03","127","Foliose","Brown","Medium","Diseased","Health",5,20,31,11,"April _ SB03",7.532981487,-8.038524453,0.628309171,-2.447470298,0.544104175525778,-0.983437390792647,0.223691395068253,-0.643056375776531,11,"SB03_April",1
"128","April","SB03","128","Foliose","Brown","Small","Health","Health",0,0,23,23,"April _ SB03",7.532981487,-8.038524453,0.628309171,-2.447470298,0.544104175525778,-0.983437390792647,0.223691395068253,-0.643056375776531,23,"SB03_April",0
"129","April","SB03","129","Foliose","Brown","Medium","Health","Pale",0,0,13,13,"April _ SB03",7.532981487,-8.038524453,0.628309171,-2.447470298,0.544104175525778,-0.983437390792647,0.223691395068253,-0.643056375776531,13,"SB03_April",0
"130","April","SB03","130","Enc","Brown","Medium","Diseased","Pale",5,16,31,15,"April _ SB03",7.532981487,-8.038524453,0.628309171,-2.447470298,0.544104175525778,-0.983437390792647,0.223691395068253,-0.643056375776531,15,"SB03_April",1
"131","April","SB03","131","Foliose","Purple","Large","Health","Health",0,0,38,38,"April _ SB03",7.532981487,-8.038524453,0.628309171,-2.447470298,0.544104175525778,-0.983437390792647,0.223691395068253,-0.643056375776531,38,"SB03_April",0
"132","April","SB03","132","Foliose","Brown","Medium","Health","Health",0,0,51,51,"April _ SB03",7.532981487,-8.038524453,0.628309171,-2.447470298,0.544104175525778,-0.983437390792647,0.223691395068253,-0.643056375776531,51,"SB03_April",0
"133","April","SB03","133","Foliose","Brown","Small","Health","Pale",0,0,46,46,"April _ SB03",7.532981487,-8.038524453,0.628309171,-2.447470298,0.544104175525778,-0.983437390792647,0.223691395068253,-0.643056375776531,46,"SB03_April",0
"134","April","SB04","134","Enc","Brown","Small","Health","Health",0,0,16,16,"April _ SB04",7.874294959,4.298160367,1.521020882,5.821624156,0.580435626925963,0.583142039956201,0.410848739341467,1.05788357740735,16,"SB04_April",0
"135","April","SB04","135","Foliose","Brown","Medium","Diseased","Health",1,56,68,12,"April _ SB04",7.874294959,4.298160367,1.521020882,5.821624156,0.580435626925963,0.583142039956201,0.410848739341467,1.05788357740735,12,"SB04_April",1
"136","April","SB04","136","Enc","Brown","Small","Health","Health",0,0,12,12,"April _ SB04",7.874294959,4.298160367,1.521020882,5.821624156,0.580435626925963,0.583142039956201,0.410848739341467,1.05788357740735,12,"SB04_April",0
"137","April","SB04","137","Foliose","Brown","Medium","Diseased","Health",3,25,83,58,"April _ SB04",7.874294959,4.298160367,1.521020882,5.821624156,0.580435626925963,0.583142039956201,0.410848739341467,1.05788357740735,58,"SB04_April",1
"138","April","SB04","138","Enc","Brown","Small","Health","Pale",0,0,15,15,"April _ SB04",7.874294959,4.298160367,1.521020882,5.821624156,0.580435626925963,0.583142039956201,0.410848739341467,1.05788357740735,15,"SB04_April",0
"139","April","SB04","139","Foliose","Brown","Small","Health","Health",0,0,24,24,"April _ SB04",7.874294959,4.298160367,1.521020882,5.821624156,0.580435626925963,0.583142039956201,0.410848739341467,1.05788357740735,24,"SB04_April",0
"140","April","SB04","140","Enc","Brown","Small","Health","Pale",0,0,26,26,"April _ SB04",7.874294959,4.298160367,1.521020882,5.821624156,0.580435626925963,0.583142039956201,0.410848739341467,1.05788357740735,26,"SB04_April",0
"141","April","SB04","141","Foliose","Brown","Small","Health","Health",0,0,28,28,"April _ SB04",7.874294959,4.298160367,1.521020882,5.821624156,0.580435626925963,0.583142039956201,0.410848739341467,1.05788357740735,28,"SB04_April",0
"142","April","SB04","142","Foliose","Brown","Large","Diseased","Health",3,21,39,18,"April _ SB04",7.874294959,4.298160367,1.521020882,5.821624156,0.580435626925963,0.583142039956201,0.410848739341467,1.05788357740735,18,"SB04_April",1
"143","April","SB04","143","Foliose","Brown","Large","Diseased","Health",6,12,21,9,"April _ SB04",7.874294959,4.298160367,1.521020882,5.821624156,0.580435626925963,0.583142039956201,0.410848739341467,1.05788357740735,9,"SB04_April",1
"144","April","SB04","144","Foliose","Brown","Large","Diseased","Health",4,13,26,13,"April _ SB04",7.874294959,4.298160367,1.521020882,5.821624156,0.580435626925963,0.583142039956201,0.410848739341467,1.05788357740735,13,"SB04_April",1
"145","April","SB04","145","Foliose","Brown","Large","Diseased","Health",4,12,29,17,"April _ SB04",7.874294959,4.298160367,1.521020882,5.821624156,0.580435626925963,0.583142039956201,0.410848739341467,1.05788357740735,17,"SB04_April",1
"146","April","SB04","146","Foliose","Brown","Large","Diseased","Health",6,18,25,7,"April _ SB04",7.874294959,4.298160367,1.521020882,5.821624156,0.580435626925963,0.583142039956201,0.410848739341467,1.05788357740735,7,"SB04_April",1
"147","April","SB04","147","Foliose","Brown","Large","Diseased","Pale",4,29,35,6,"April _ SB04",7.874294959,4.298160367,1.521020882,5.821624156,0.580435626925963,0.583142039956201,0.410848739341467,1.05788357740735,6,"SB04_April",1
"148","April","SB04","148","Enc","Brown","Medium","Diseased","Pale",7,36,57,21,"April _ SB04",7.874294959,4.298160367,1.521020882,5.821624156,0.580435626925963,0.583142039956201,0.410848739341467,1.05788357740735,21,"SB04_April",1
"149","April","SB04","149","Foliose","Brown","Small","Diseased","Health",2,12,29,17,"April _ SB04",7.874294959,4.298160367,1.521020882,5.821624156,0.580435626925963,0.583142039956201,0.410848739341467,1.05788357740735,17,"SB04_April",1
"150","April","SB04","150","Foliose","Brown","Large","Health","Health",0,0,32,32,"April _ SB04",7.874294959,4.298160367,1.521020882,5.821624156,0.580435626925963,0.583142039956201,0.410848739341467,1.05788357740735,32,"SB04_April",0
"151","April","SB04","151","Foliose","Brown","Large","Diseased","Health",3,26,58,32,"April _ SB04",7.874294959,4.298160367,1.521020882,5.821624156,0.580435626925963,0.583142039956201,0.410848739341467,1.05788357740735,32,"SB04_April",1
"152","April","SB04","152","Foliose","Brown","Small","Diseased","Health",1,5,59,54,"April _ SB04",7.874294959,4.298160367,1.521020882,5.821624156,0.580435626925963,0.583142039956201,0.410848739341467,1.05788357740735,54,"SB04_April",1
"153","April","SB05","153","Foliose","Brown","Large","Diseased","Health",1,20,29,9,"April _ SB05",7.205384199,-2.070978639,0.539295778,10.73858135,0.509232756949588,-0.225645920825937,0.20502970391606,2.06929407536385,9,"SB05_April",1
"154","April","SB05","154","Foliose","Brown","Medium","Health","Health",0,0,32,32,"April _ SB05",7.205384199,-2.070978639,0.539295778,10.73858135,0.509232756949588,-0.225645920825937,0.20502970391606,2.06929407536385,32,"SB05_April",0
"155","April","SB05","155","Foliose","Brown","Medium","Health","Health",0,0,8,8,"April _ SB05",7.205384199,-2.070978639,0.539295778,10.73858135,0.509232756949588,-0.225645920825937,0.20502970391606,2.06929407536385,8,"SB05_April",0
"156","April","SB05","156","Foliose","Brown","Large","Health","Health",0,0,28,28,"April _ SB05",7.205384199,-2.070978639,0.539295778,10.73858135,0.509232756949588,-0.225645920825937,0.20502970391606,2.06929407536385,28,"SB05_April",0
"157","April","SB05","157","Enc","Brown","Medium","Health","Health",2,27,46,19,"April _ SB05",7.205384199,-2.070978639,0.539295778,10.73858135,0.509232756949588,-0.225645920825937,0.20502970391606,2.06929407536385,19,"SB05_April",0
"158","April","SB05","158","Enc","Brown","Medium","Health","Health",0,0,18,18,"April _ SB05",7.205384199,-2.070978639,0.539295778,10.73858135,0.509232756949588,-0.225645920825937,0.20502970391606,2.06929407536385,18,"SB05_April",0
"159","April","SB05","159","Foliose","Brown","Large","Diseased","Health",2,14,28,14,"April _ SB05",7.205384199,-2.070978639,0.539295778,10.73858135,0.509232756949588,-0.225645920825937,0.20502970391606,2.06929407536385,14,"SB05_April",1
"160","April","SB05","160","Foliose","Brown","Medium","Health","Pale",0,0,7,7,"April _ SB05",7.205384199,-2.070978639,0.539295778,10.73858135,0.509232756949588,-0.225645920825937,0.20502970391606,2.06929407536385,7,"SB05_April",0
"161","April","SB05","161","Foliose","Brown","Medium","Diseased","Health",6,8,45,37,"April _ SB05",7.205384199,-2.070978639,0.539295778,10.73858135,0.509232756949588,-0.225645920825937,0.20502970391606,2.06929407536385,37,"SB05_April",1
"162","April","SB05","162","Foliose","Brown","Medium","Health","Health",0,0,48,48,"April _ SB05",7.205384199,-2.070978639,0.539295778,10.73858135,0.509232756949588,-0.225645920825937,0.20502970391606,2.06929407536385,48,"SB05_April",0
"163","April","SB05","163","Foliose","Brown","Large","Diseased","Health",5,9,13,4,"April _ SB05",7.205384199,-2.070978639,0.539295778,10.73858135,0.509232756949588,-0.225645920825937,0.20502970391606,2.06929407536385,4,"SB05_April",1
"164","April","SB05","164","Foliose","Brown","Small","Health","Health",0,0,10,10,"April _ SB05",7.205384199,-2.070978639,0.539295778,10.73858135,0.509232756949588,-0.225645920825937,0.20502970391606,2.06929407536385,10,"SB05_April",0
"165","April","SB05","165","Foliose","Brown","Small","Health","Health",0,0,16,16,"April _ SB05",7.205384199,-2.070978639,0.539295778,10.73858135,0.509232756949588,-0.225645920825937,0.20502970391606,2.06929407536385,16,"SB05_April",0
"166","April","SB05","166","Foliose","Brown","Large","Diseased","Health",3,9,52,43,"April _ SB05",7.205384199,-2.070978639,0.539295778,10.73858135,0.509232756949588,-0.225645920825937,0.20502970391606,2.06929407536385,43,"SB05_April",1
"167","April","SB05","167","Enc","Brown","Medium","Health","Health",0,0,18,18,"April _ SB05",7.205384199,-2.070978639,0.539295778,10.73858135,0.509232756949588,-0.225645920825937,0.20502970391606,2.06929407536385,18,"SB05_April",0
"168","April","SB05","168","Enc","Brown","Medium","Health","Pale",0,0,25,25,"April _ SB05",7.205384199,-2.070978639,0.539295778,10.73858135,0.509232756949588,-0.225645920825937,0.20502970391606,2.06929407536385,25,"SB05_April",0
"169","April","SB05","169","Enc","Brown","Large","Diseased","Health",5,18,32,14,"April _ SB05",7.205384199,-2.070978639,0.539295778,10.73858135,0.509232756949588,-0.225645920825937,0.20502970391606,2.06929407536385,14,"SB05_April",1
"170","April","SB05","170","Enc","Brown","Medium","Health","Health",0,0,10,10,"April _ SB05",7.205384199,-2.070978639,0.539295778,10.73858135,0.509232756949588,-0.225645920825937,0.20502970391606,2.06929407536385,10,"SB05_April",0
"171","April","SB05","171","Foliose","Brown","Large","Diseased","Health",3,8,16,8,"April _ SB05",7.205384199,-2.070978639,0.539295778,10.73858135,0.509232756949588,-0.225645920825937,0.20502970391606,2.06929407536385,8,"SB05_April",1
"172","April","SB05","172","Foliose","Brown","Large","Diseased","Health",2,9,67,58,"April _ SB05",7.205384199,-2.070978639,0.539295778,10.73858135,0.509232756949588,-0.225645920825937,0.20502970391606,2.06929407536385,58,"SB05_April",1
"173","April","SB05","173","Foliose","Brown","Small","Diseased","Health",4,5,28,23,"April _ SB05",7.205384199,-2.070978639,0.539295778,10.73858135,0.509232756949588,-0.225645920825937,0.20502970391606,2.06929407536385,23,"SB05_April",1
"174","April","SB05","174","Foliose","Purple","Medium","Diseased","Health",5,11,21,10,"April _ SB05",7.205384199,-2.070978639,0.539295778,10.73858135,0.509232756949588,-0.225645920825937,0.20502970391606,2.06929407536385,10,"SB05_April",1
"175","April","SB05","175","Foliose","Brown","Medium","Diseased","Health",6,36,42,6,"April _ SB05",7.205384199,-2.070978639,0.539295778,10.73858135,0.509232756949588,-0.225645920825937,0.20502970391606,2.06929407536385,6,"SB05_April",1
"176","April","SB05","176","Foliose","Brown","Medium","Health","Health",0,0,3,3,"April _ SB05",7.205384199,-2.070978639,0.539295778,10.73858135,0.509232756949588,-0.225645920825937,0.20502970391606,2.06929407536385,3,"SB05_April",0
"177","April","SB05","177","Foliose","Brown","Medium","Health","Health",0,0,25,25,"April _ SB05",7.205384199,-2.070978639,0.539295778,10.73858135,0.509232756949588,-0.225645920825937,0.20502970391606,2.06929407536385,25,"SB05_April",0
"178","April","SB05","178","Foliose","Brown","Small","Health","Health",0,0,12,12,"April _ SB05",7.205384199,-2.070978639,0.539295778,10.73858135,0.509232756949588,-0.225645920825937,0.20502970391606,2.06929407536385,12,"SB05_April",0
"179","April","SB05","179","Foliose","Brown","Medium","Health","Health",0,0,18,18,"April _ SB05",7.205384199,-2.070978639,0.539295778,10.73858135,0.509232756949588,-0.225645920825937,0.20502970391606,2.06929407536385,18,"SB05_April",0
"180","April","SB06","180","Enc","Brown","Medium","Diseased","Health",4,10,15,5,"April _ SB06",9.878345878,-8.784313803,-9.006666782,-0.078384477,0.793758816721252,-1.07814178443067,-1.79628491898702,-0.155739082706906,5,"SB06_April",1
"181","April","SB06","181","Foliose","Brown","Large","Diseased","Health",3,5,37,32,"April _ SB06",9.878345878,-8.784313803,-9.006666782,-0.078384477,0.793758816721252,-1.07814178443067,-1.79628491898702,-0.155739082706906,32,"SB06_April",1
"182","April","SB06","182","Enc","Brown","Medium","Health","Health",0,0,42,42,"April _ SB06",9.878345878,-8.784313803,-9.006666782,-0.078384477,0.793758816721252,-1.07814178443067,-1.79628491898702,-0.155739082706906,42,"SB06_April",0
"183","April","SB06","183","Foliose","Brown","Large","Diseased","Health",3,45,57,12,"April _ SB06",9.878345878,-8.784313803,-9.006666782,-0.078384477,0.793758816721252,-1.07814178443067,-1.79628491898702,-0.155739082706906,12,"SB06_April",1
"184","April","SB06","184","Enc","Brown","Large","Diseased","Health",6,21,63,42,"April _ SB06",9.878345878,-8.784313803,-9.006666782,-0.078384477,0.793758816721252,-1.07814178443067,-1.79628491898702,-0.155739082706906,42,"SB06_April",1
"185","April","SB06","185","Foliose","Brown","Large","Diseased","Health",7,14,23,9,"April _ SB06",9.878345878,-8.784313803,-9.006666782,-0.078384477,0.793758816721252,-1.07814178443067,-1.79628491898702,-0.155739082706906,9,"SB06_April",1
"186","April","SB06","186","Foliose","Brown","Medium","Health","Health",0,0,16,16,"April _ SB06",9.878345878,-8.784313803,-9.006666782,-0.078384477,0.793758816721252,-1.07814178443067,-1.79628491898702,-0.155739082706906,16,"SB06_April",0
"187","April","SB06","187","Foliose","Brown","Medium","Diseased","Health",5,20,31,11,"April _ SB06",9.878345878,-8.784313803,-9.006666782,-0.078384477,0.793758816721252,-1.07814178443067,-1.79628491898702,-0.155739082706906,11,"SB06_April",1
"188","April","SB06","188","Enc","Purple","Medium","Diseased","Health",3,12,23,11,"April _ SB06",9.878345878,-8.784313803,-9.006666782,-0.078384477,0.793758816721252,-1.07814178443067,-1.79628491898702,-0.155739082706906,11,"SB06_April",1
"189","April","SB06","189","Foliose","Brown","Medium","Diseased","Health",3,16,36,20,"April _ SB06",9.878345878,-8.784313803,-9.006666782,-0.078384477,0.793758816721252,-1.07814178443067,-1.79628491898702,-0.155739082706906,20,"SB06_April",1
"190","April","SB06","190","Foliose","Brown","Small","Health","Health",0,0,18,18,"April _ SB06",9.878345878,-8.784313803,-9.006666782,-0.078384477,0.793758816721252,-1.07814178443067,-1.79628491898702,-0.155739082706906,18,"SB06_April",0
"191","April","SB06","191","Foliose","Brown","Large","Diseased","Health",5,15,35,20,"April _ SB06",9.878345878,-8.784313803,-9.006666782,-0.078384477,0.793758816721252,-1.07814178443067,-1.79628491898702,-0.155739082706906,20,"SB06_April",1
"192","April","SB06","192","Enc","Brown","Medium","Health","Health",0,0,55,55,"April _ SB06",9.878345878,-8.784313803,-9.006666782,-0.078384477,0.793758816721252,-1.07814178443067,-1.79628491898702,-0.155739082706906,55,"SB06_April",0
"193","April","SB06","193","Enc","Brown","Medium","Diseased","Health",1,5,15,10,"April _ SB06",9.878345878,-8.784313803,-9.006666782,-0.078384477,0.793758816721252,-1.07814178443067,-1.79628491898702,-0.155739082706906,10,"SB06_April",1
"194","April","SB06","194","Foliose","Brown","Medium","Health","Health",0,0,26,26,"April _ SB06",9.878345878,-8.784313803,-9.006666782,-0.078384477,0.793758816721252,-1.07814178443067,-1.79628491898702,-0.155739082706906,26,"SB06_April",0
"195","April","SB06","195","Enc","Brown","Small","Diseased","Pale",2,15,34,19,"April _ SB06",9.878345878,-8.784313803,-9.006666782,-0.078384477,0.793758816721252,-1.07814178443067,-1.79628491898702,-0.155739082706906,19,"SB06_April",1
"196","April","SB06","196","Foliose","Brown","Large","Diseased","Health",2,14,25,11,"April _ SB06",9.878345878,-8.784313803,-9.006666782,-0.078384477,0.793758816721252,-1.07814178443067,-1.79628491898702,-0.155739082706906,11,"SB06_April",1
"197","April","SB06","197","Foliose","Brown","Small","Health","Health",0,0,12,12,"April _ SB06",9.878345878,-8.784313803,-9.006666782,-0.078384477,0.793758816721252,-1.07814178443067,-1.79628491898702,-0.155739082706906,12,"SB06_April",0
"198","April","SB06","198","Foliose","Brown","Large","Diseased","Health",1,14,52,38,"April _ SB06",9.878345878,-8.784313803,-9.006666782,-0.078384477,0.793758816721252,-1.07814178443067,-1.79628491898702,-0.155739082706906,38,"SB06_April",1
"199","December","EB01","199","Enc","Brown","Small","Diseased","Pale",1,15,20,5,"December _ EB01",-0.162876106,12.66709992,1.148214763,1.371881819,-0.275089026794775,1.64587556619946,0.332689796985166,0.142578453674497,5,"EB01_December",1
"200","December","EB01","200","Enc","Brown","Medium","Health","Pale",0,0,0,0,"December _ EB01",-0.162876106,12.66709992,1.148214763,1.371881819,-0.275089026794775,1.64587556619946,0.332689796985166,0.142578453674497,0,"EB01_December",0
"201","December","EB01","201","Enc","Brown","Medium","Health","Health",0,0,18,18,"December _ EB01",-0.162876106,12.66709992,1.148214763,1.371881819,-0.275089026794775,1.64587556619946,0.332689796985166,0.142578453674497,18,"EB01_December",0
"202","December","EB01","202","Enc","Brown","Medium","Health","Health",0,0,5,5,"December _ EB01",-0.162876106,12.66709992,1.148214763,1.371881819,-0.275089026794775,1.64587556619946,0.332689796985166,0.142578453674497,5,"EB01_December",0
"203","December","EB01","203","Enc","Brown","Medium","Diseased","Health",1,5,5,0,"December _ EB01",-0.162876106,12.66709992,1.148214763,1.371881819,-0.275089026794775,1.64587556619946,0.332689796985166,0.142578453674497,0,"EB01_December",1
"204","December","EB01","204","Enc","Brown","Small","Diseased","Health",1,10,15,5,"December _ EB01",-0.162876106,12.66709992,1.148214763,1.371881819,-0.275089026794775,1.64587556619946,0.332689796985166,0.142578453674497,5,"EB01_December",1
"205","December","EB01","205","Foliose","Brown","Small","Diseased","Health",2,5,10,5,"December _ EB01",-0.162876106,12.66709992,1.148214763,1.371881819,-0.275089026794775,1.64587556619946,0.332689796985166,0.142578453674497,5,"EB01_December",1
"206","December","EB01","206","Enc","Brown","Small","Diseased","Pale",6,40,45,5,"December _ EB01",-0.162876106,12.66709992,1.148214763,1.371881819,-0.275089026794775,1.64587556619946,0.332689796985166,0.142578453674497,5,"EB01_December",1
"207","December","EB01","207","Foliose","Brown","Medium","Diseased","Health",1,5,5,0,"December _ EB01",-0.162876106,12.66709992,1.148214763,1.371881819,-0.275089026794775,1.64587556619946,0.332689796985166,0.142578453674497,0,"EB01_December",1
"208","December","EB05","208","Foliose","Brown","Medium","Diseased","Pale",4,5,25,20,"December _ EB05",-8.344128454,-5.446521435,10.19412972,-2.629584392,-1.14595055573558,-0.654290730106722,2.22916925279625,-0.680516963540484,20,"EB05_December",1
"209","December","EB05","209","Enc","Brown","Small","Diseased","Pale",2,10,30,20,"December _ EB05",-8.344128454,-5.446521435,10.19412972,-2.629584392,-1.14595055573558,-0.654290730106722,2.22916925279625,-0.680516963540484,20,"EB05_December",1
"210","December","EB05","210","Foliose","Purple","Medium","Health","Health",0,0,0,0,"December _ EB05",-8.344128454,-5.446521435,10.19412972,-2.629584392,-1.14595055573558,-0.654290730106722,2.22916925279625,-0.680516963540484,0,"EB05_December",0
"211","December","EB05","211","Foliose","Brown","Medium","Diseased","Pale",5,20,20,0,"December _ EB05",-8.344128454,-5.446521435,10.19412972,-2.629584392,-1.14595055573558,-0.654290730106722,2.22916925279625,-0.680516963540484,0,"EB05_December",1
"212","December","EB05","212","Enc","Brown","Small","Diseased","Health",2,4,19,15,"December _ EB05",-8.344128454,-5.446521435,10.19412972,-2.629584392,-1.14595055573558,-0.654290730106722,2.22916925279625,-0.680516963540484,15,"EB05_December",1
"213","December","EB05","213","Foliose","Purple","Small","Diseased","Health",4,20,20,0,"December _ EB05",-8.344128454,-5.446521435,10.19412972,-2.629584392,-1.14595055573558,-0.654290730106722,2.22916925279625,-0.680516963540484,0,"EB05_December",1
"214","December","EB05","214","Enc","Purple","Medium","Diseased","Health",4,16,21,5,"December _ EB05",-8.344128454,-5.446521435,10.19412972,-2.629584392,-1.14595055573558,-0.654290730106722,2.22916925279625,-0.680516963540484,5,"EB05_December",1
"215","December","EB05","215","Enc","Purple","Large","Diseased","Pale",3,18,22,4,"December _ EB05",-8.344128454,-5.446521435,10.19412972,-2.629584392,-1.14595055573558,-0.654290730106722,2.22916925279625,-0.680516963540484,4,"EB05_December",1
"216","December","EB05","216","Enc","Brown","Small","Health","Pale",0,0,10,10,"December _ EB05",-8.344128454,-5.446521435,10.19412972,-2.629584392,-1.14595055573558,-0.654290730106722,2.22916925279625,-0.680516963540484,10,"EB05_December",0
"217","December","EB05","217","Foliose","Purple","Small","Diseased","Pale",5,4,8,4,"December _ EB05",-8.344128454,-5.446521435,10.19412972,-2.629584392,-1.14595055573558,-0.654290730106722,2.22916925279625,-0.680516963540484,4,"EB05_December",1
"218","December","EB05","218","Foliose","Purple","Medium","Health","Pale",0,0,20,20,"December _ EB05",-8.344128454,-5.446521435,10.19412972,-2.629584392,-1.14595055573558,-0.654290730106722,2.22916925279625,-0.680516963540484,20,"EB05_December",0
"219","December","EB05","219","Foliose","Purple","Medium","Diseased","Pale",3,14,24,10,"December _ EB05",-8.344128454,-5.446521435,10.19412972,-2.629584392,-1.14595055573558,-0.654290730106722,2.22916925279625,-0.680516963540484,10,"EB05_December",1
"220","December","EB05","220","Foliose","Purple","Medium","Diseased","Pale",4,20,25,5,"December _ EB05",-8.344128454,-5.446521435,10.19412972,-2.629584392,-1.14595055573558,-0.654290730106722,2.22916925279625,-0.680516963540484,5,"EB05_December",1
"221","December","SB01","221","Enc","Purple","Small","Health","Health",0,0,3,3,"December _ SB01",-20.37065502,4.056545851,-5.46508836,-1.341998305,-2.42612611659262,0.552460512750261,-1.05379167751902,-0.415662494804482,3,"SB01_December",0
"222","December","SB01","222","Enc","Purple","Small","Health","Pale",0,0,5,5,"December _ SB01",-20.37065502,4.056545851,-5.46508836,-1.341998305,-2.42612611659262,0.552460512750261,-1.05379167751902,-0.415662494804482,5,"SB01_December",0
"223","December","SB01","223","Enc","Brown","Small","Health","Health",0,0,3,3,"December _ SB01",-20.37065502,4.056545851,-5.46508836,-1.341998305,-2.42612611659262,0.552460512750261,-1.05379167751902,-0.415662494804482,3,"SB01_December",0
"224","December","SB01","224","Enc","Brown","Medium","Health","Health",0,0,5,5,"December _ SB01",-20.37065502,4.056545851,-5.46508836,-1.341998305,-2.42612611659262,0.552460512750261,-1.05379167751902,-0.415662494804482,5,"SB01_December",0
"225","December","SB01","225","Enc","Brown","Small","Health","Pale",0,0,50,50,"December _ SB01",-20.37065502,4.056545851,-5.46508836,-1.341998305,-2.42612611659262,0.552460512750261,-1.05379167751902,-0.415662494804482,50,"SB01_December",0
"226","December","SB01","226","Foliose","Brown","Medium","Diseased","Pale",3,16,45,29,"December _ SB01",-20.37065502,4.056545851,-5.46508836,-1.341998305,-2.42612611659262,0.552460512750261,-1.05379167751902,-0.415662494804482,29,"SB01_December",1
"227","December","SB01","227","Enc","Brown","Medium","Diseased","Pale",4,20,27,7,"December _ SB01",-20.37065502,4.056545851,-5.46508836,-1.341998305,-2.42612611659262,0.552460512750261,-1.05379167751902,-0.415662494804482,7,"SB01_December",1
"228","December","SB01","228","Enc","Brown","Small","Diseased","Health",1,5,5,0,"December _ SB01",-20.37065502,4.056545851,-5.46508836,-1.341998305,-2.42612611659262,0.552460512750261,-1.05379167751902,-0.415662494804482,0,"SB01_December",1
"229","December","SB01","229","Foliose","Brown","Large","Diseased","Health",1,4,20,16,"December _ SB01",-20.37065502,4.056545851,-5.46508836,-1.341998305,-2.42612611659262,0.552460512750261,-1.05379167751902,-0.415662494804482,16,"SB01_December",1
"230","December","SB01","230","Foliose","Brown","Medium","Diseased","Pale",6,15,55,40,"December _ SB01",-20.37065502,4.056545851,-5.46508836,-1.341998305,-2.42612611659262,0.552460512750261,-1.05379167751902,-0.415662494804482,40,"SB01_December",1
"231","December","SB02","231","Enc","Brown","Small","Health","Pale",0,0,15,15,"December _ SB02",-3.871331141,15.60488807,3.696185319,0.864732547,-0.669839204935633,2.01893190628092,0.866872777527812,0.0382586319852379,15,"SB02_December",0
"232","December","SB02","232","Enc","Brown","Small","Health","Pale",0,0,20,20,"December _ SB02",-3.871331141,15.60488807,3.696185319,0.864732547,-0.669839204935633,2.01893190628092,0.866872777527812,0.0382586319852379,20,"SB02_December",0
"233","December","SB02","233","Enc","Brown","Small","Health","Pale",0,0,15,15,"December _ SB02",-3.871331141,15.60488807,3.696185319,0.864732547,-0.669839204935633,2.01893190628092,0.866872777527812,0.0382586319852379,15,"SB02_December",0
"234","December","SB02","234","Enc","Brown","Small","Diseased","Health",1,3,15,12,"December _ SB02",-3.871331141,15.60488807,3.696185319,0.864732547,-0.669839204935633,2.01893190628092,0.866872777527812,0.0382586319852379,12,"SB02_December",1
"235","December","SB02","235","Enc","Brown","Medium","Diseased","Pale",3,10,50,40,"December _ SB02",-3.871331141,15.60488807,3.696185319,0.864732547,-0.669839204935633,2.01893190628092,0.866872777527812,0.0382586319852379,40,"SB02_December",1
"236","December","SB02","236","Foliose","Brown","Medium","Health","Pale",0,0,30,30,"December _ SB02",-3.871331141,15.60488807,3.696185319,0.864732547,-0.669839204935633,2.01893190628092,0.866872777527812,0.0382586319852379,30,"SB02_December",0
"237","December","SB02","237","Foliose","Brown","Small","Diseased","Pale",3,5,10,5,"December _ SB02",-3.871331141,15.60488807,3.696185319,0.864732547,-0.669839204935633,2.01893190628092,0.866872777527812,0.0382586319852379,5,"SB02_December",1
"238","December","SB02","238","Enc","Brown","Small","Diseased","Health",4,12,17,5,"December _ SB02",-3.871331141,15.60488807,3.696185319,0.864732547,-0.669839204935633,2.01893190628092,0.866872777527812,0.0382586319852379,5,"SB02_December",1
"239","December","SB03","239","Enc","Brown","Small","Health","Health",0,0,5,5,"December _ SB03",-14.0050976,3.153304244,4.216114419,-1.728289474,-1.74853803697583,0.437761973947619,0.975876107905722,-0.495121991436107,5,"SB03_December",0
"240","December","SB03","240","Foliose","Purple","Medium","Health","Pale",0,0,5,5,"December _ SB03",-14.0050976,3.153304244,4.216114419,-1.728289474,-1.74853803697583,0.437761973947619,0.975876107905722,-0.495121991436107,5,"SB03_December",0
"241","December","SB03","241","Foliose","Brown","Small","Health","Pale",0,0,10,10,"December _ SB03",-14.0050976,3.153304244,4.216114419,-1.728289474,-1.74853803697583,0.437761973947619,0.975876107905722,-0.495121991436107,10,"SB03_December",0
"242","December","SB03","242","Enc","Brown","Medium","Diseased","Pale",2,3,10,7,"December _ SB03",-14.0050976,3.153304244,4.216114419,-1.728289474,-1.74853803697583,0.437761973947619,0.975876107905722,-0.495121991436107,7,"SB03_December",1
"243","December","SB04","243","Foliose","Brown","Large","Diseased","Pale",7,15,50,35,"December _ SB04",-2.907503132,-4.938483783,5.450082704,6.105838376,-0.567243575580807,-0.589777342005984,1.23457802061982,1.11634600334168,35,"SB04_December",1
"244","December","SB04","244","Foliose","Brown","Large","Diseased","Pale",5,5,45,40,"December _ SB04",-2.907503132,-4.938483783,5.450082704,6.105838376,-0.567243575580807,-0.589777342005984,1.23457802061982,1.11634600334168,40,"SB04_December",1
"245","December","SB04","245","Foliose","Purple","Medium","Diseased","Health",2,10,30,20,"December _ SB04",-2.907503132,-4.938483783,5.450082704,6.105838376,-0.567243575580807,-0.589777342005984,1.23457802061982,1.11634600334168,20,"SB04_December",1
"246","December","SB04","246","Enc","Purple","Large","Diseased","Pale",3,5,55,50,"December _ SB04",-2.907503132,-4.938483783,5.450082704,6.105838376,-0.567243575580807,-0.589777342005984,1.23457802061982,1.11634600334168,50,"SB04_December",1
"247","December","SB04","247","Foliose","Brown","Small","Diseased","Health",3,4,4,0,"December _ SB04",-2.907503132,-4.938483783,5.450082704,6.105838376,-0.567243575580807,-0.589777342005984,1.23457802061982,1.11634600334168,0,"SB04_December",1
"248","December","SB04","248","Enc","Brown","Small","Health","Pale",0,0,10,10,"December _ SB04",-2.907503132,-4.938483783,5.450082704,6.105838376,-0.567243575580807,-0.589777342005984,1.23457802061982,1.11634600334168,10,"SB04_December",0
"249","December","SB04","249","Enc","Brown","Small","Diseased","Pale",4,5,30,25,"December _ SB04",-2.907503132,-4.938483783,5.450082704,6.105838376,-0.567243575580807,-0.589777342005984,1.23457802061982,1.11634600334168,25,"SB04_December",1
"250","December","SB04","250","Foliose","Brown","Small","Diseased","Pale",2,5,60,55,"December _ SB04",-2.907503132,-4.938483783,5.450082704,6.105838376,-0.567243575580807,-0.589777342005984,1.23457802061982,1.11634600334168,55,"SB04_December",1
"251","December","SB04","251","Enc","Brown","Small","Health","Pale",0,0,25,25,"December _ SB04",-2.907503132,-4.938483783,5.450082704,6.105838376,-0.567243575580807,-0.589777342005984,1.23457802061982,1.11634600334168,25,"SB04_December",0
"252","December","SB04","252","Enc","Brown","Small","Health","Pale",0,0,5,5,"December _ SB04",-2.907503132,-4.938483783,5.450082704,6.105838376,-0.567243575580807,-0.589777342005984,1.23457802061982,1.11634600334168,5,"SB04_December",0
"253","December","SB04","253","Enc","Brown","Medium","Diseased","Pale",3,3,10,7,"December _ SB04",-2.907503132,-4.938483783,5.450082704,6.105838376,-0.567243575580807,-0.589777342005984,1.23457802061982,1.11634600334168,7,"SB04_December",1
"254","December","SB06","254","Enc","Brown","Small","Diseased","Health",3,4,8,4,"December _ SB06",-9.819318187,-0.75518228,-4.155756439,1.755347993,-1.30297859150717,-0.0585589326164399,-0.779289750315661,0.221456853199326,4,"SB06_December",1
"255","December","SB06","255","Enc","Brown","Medium","Diseased","Pale",3,5,30,25,"December _ SB06",-9.819318187,-0.75518228,-4.155756439,1.755347993,-1.30297859150717,-0.0585589326164399,-0.779289750315661,0.221456853199326,25,"SB06_December",1
"256","December","SB06","256","Enc","Brown","Small","Diseased","Pale",2,8,15,7,"December _ SB06",-9.819318187,-0.75518228,-4.155756439,1.755347993,-1.30297859150717,-0.0585589326164399,-0.779289750315661,0.221456853199326,7,"SB06_December",1
"257","December","SB06","257","Foliose","Brown","Small","Diseased","Health",2,4,24,20,"December _ SB06",-9.819318187,-0.75518228,-4.155756439,1.755347993,-1.30297859150717,-0.0585589326164399,-0.779289750315661,0.221456853199326,20,"SB06_December",1
"258","December","SB06","258","Foliose","Brown","Small","Health","Pale",0,0,10,10,"December _ SB06",-9.819318187,-0.75518228,-4.155756439,1.755347993,-1.30297859150717,-0.0585589326164399,-0.779289750315661,0.221456853199326,10,"SB06_December",0
"259","December","SB06","259","Foliose","Brown","Medium","Health","Pale",0,0,15,15,"December _ SB06",-9.819318187,-0.75518228,-4.155756439,1.755347993,-1.30297859150717,-0.0585589326164399,-0.779289750315661,0.221456853199326,15,"SB06_December",0
"260","December","SB06","260","Foliose","Brown","Small","Diseased","Health",0,3,5,2,"December _ SB06",-9.819318187,-0.75518228,-4.155756439,1.755347993,-1.30297859150717,-0.0585589326164399,-0.779289750315661,0.221456853199326,2,"SB06_December",1
"261","December","SB06","261","Foliose","Brown","Medium","Health","Pale",0,0,40,40,"December _ SB06",-9.819318187,-0.75518228,-4.155756439,1.755347993,-1.30297859150717,-0.0585589326164399,-0.779289750315661,0.221456853199326,40,"SB06_December",0
"262","December","SB06","262","Enc","Brown","Small","Health","Health",0,0,20,20,"December _ SB06",-9.819318187,-0.75518228,-4.155756439,1.755347993,-1.30297859150717,-0.0585589326164399,-0.779289750315661,0.221456853199326,20,"SB06_December",0
"263","December","SB06","263","Foliose","Brown","Medium","Health","Pale",0,0,10,10,"December _ SB06",-9.819318187,-0.75518228,-4.155756439,1.755347993,-1.30297859150717,-0.0585589326164399,-0.779289750315661,0.221456853199326,10,"SB06_December",0
"264","December","SB06","264","Foliose","Brown","Medium","Health","Pale",0,0,0,0,"December _ SB06",-9.819318187,-0.75518228,-4.155756439,1.755347993,-1.30297859150717,-0.0585589326164399,-0.779289750315661,0.221456853199326,0,"SB06_December",0
"265","December","SB06","265","Foliose","Brown","Large","Diseased","Pale",7,55,65,10,"December _ SB06",-9.819318187,-0.75518228,-4.155756439,1.755347993,-1.30297859150717,-0.0585589326164399,-0.779289750315661,0.221456853199326,10,"SB06_December",1
"266","December","SB06","266","Foliose","Brown","Medium","Health","Pale",0,0,60,60,"December _ SB06",-9.819318187,-0.75518228,-4.155756439,1.755347993,-1.30297859150717,-0.0585589326164399,-0.779289750315661,0.221456853199326,60,"SB06_December",0
"267","December","SB06","267","Foliose","Brown","Large","Diseased","Pale",2,4,25,21,"December _ SB06",-9.819318187,-0.75518228,-4.155756439,1.755347993,-1.30297859150717,-0.0585589326164399,-0.779289750315661,0.221456853199326,21,"SB06_December",1
"268","December","SB06","268","Foliose","Brown","Medium","Health","Health",0,0,40,40,"December _ SB06",-9.819318187,-0.75518228,-4.155756439,1.755347993,-1.30297859150717,-0.0585589326164399,-0.779289750315661,0.221456853199326,40,"SB06_December",0
"269","December","SB06","269","Foliose","Brown","Large","Diseased","Pale",3,15,25,10,"December _ SB06",-9.819318187,-0.75518228,-4.155756439,1.755347993,-1.30297859150717,-0.0585589326164399,-0.779289750315661,0.221456853199326,10,"SB06_December",1
"270","December","SB05","270","Foliose","Brown","Medium","Health","Pale",0,0,30,30,"December _ SB05",1.932055394,-2.445204864,-0.98484698,9.82848581,-0.0520919633241387,-0.273167205116297,-0.114507395648809,1.8820888289113,30,"SB05_December",0
"271","December","SB05","271","Foliose","Brown","Medium","Health","Pale",0,0,35,35,"December _ SB05",1.932055394,-2.445204864,-0.98484698,9.82848581,-0.0520919633241387,-0.273167205116297,-0.114507395648809,1.8820888289113,35,"SB05_December",0
"272","December","SB05","272","Foliose","Brown","Medium","Diseased","Pale",3,10,40,30,"December _ SB05",1.932055394,-2.445204864,-0.98484698,9.82848581,-0.0520919633241387,-0.273167205116297,-0.114507395648809,1.8820888289113,30,"SB05_December",1
"273","December","SB05","273","Foliose","Brown","Medium","Health","Health",0,0,4,4,"December _ SB05",1.932055394,-2.445204864,-0.98484698,9.82848581,-0.0520919633241387,-0.273167205116297,-0.114507395648809,1.8820888289113,4,"SB05_December",0
"274","December","SB05","274","Enc","Brown","Medium","Health","Pale",0,0,13,13,"December _ SB05",1.932055394,-2.445204864,-0.98484698,9.82848581,-0.0520919633241387,-0.273167205116297,-0.114507395648809,1.8820888289113,13,"SB05_December",0
"275","December","SB05","275","Foliose","Brown","Medium","Health","Pale",0,0,3,3,"December _ SB05",1.932055394,-2.445204864,-0.98484698,9.82848581,-0.0520919633241387,-0.273167205116297,-0.114507395648809,1.8820888289113,3,"SB05_December",0
"276","December","SB05","276","Enc","Brown","Medium","Health","Pale",0,0,5,5,"December _ SB05",1.932055394,-2.445204864,-0.98484698,9.82848581,-0.0520919633241387,-0.273167205116297,-0.114507395648809,1.8820888289113,5,"SB05_December",0
"277","December","SB05","277","Foliose","Brown","Small","Health","Health",0,0,3,3,"December _ SB05",1.932055394,-2.445204864,-0.98484698,9.82848581,-0.0520919633241387,-0.273167205116297,-0.114507395648809,1.8820888289113,3,"SB05_December",0
"278","December","SB05","278","Foliose","Brown","Medium","Diseased","Pale",6,15,45,30,"December _ SB05",1.932055394,-2.445204864,-0.98484698,9.82848581,-0.0520919633241387,-0.273167205116297,-0.114507395648809,1.8820888289113,30,"SB05_December",1
"279","December","SB05","279","Foliose","Purple","Medium","Diseased","Pale",1,40,50,10,"December _ SB05",1.932055394,-2.445204864,-0.98484698,9.82848581,-0.0520919633241387,-0.273167205116297,-0.114507395648809,1.8820888289113,10,"SB05_December",1
"280","December","SB05","280","Foliose","Brown","Small","Diseased","Health",2,15,17,2,"December _ SB05",1.932055394,-2.445204864,-0.98484698,9.82848581,-0.0520919633241387,-0.273167205116297,-0.114507395648809,1.8820888289113,2,"SB05_December",1
"281","December","SB05","281","Enc","Purple","Medium","Diseased","Health",2,5,25,20,"December _ SB05",1.932055394,-2.445204864,-0.98484698,9.82848581,-0.0520919633241387,-0.273167205116297,-0.114507395648809,1.8820888289113,20,"SB05_December",1
"282","December","SB05","282","Enc","Brown","Medium","Health","Health",0,0,5,5,"December _ SB05",1.932055394,-2.445204864,-0.98484698,9.82848581,-0.0520919633241387,-0.273167205116297,-0.114507395648809,1.8820888289113,5,"SB05_December",0
"283","December","SB05","283","Foliose","Brown","Small","Health","Pale",0,0,10,10,"December _ SB05",1.932055394,-2.445204864,-0.98484698,9.82848581,-0.0520919633241387,-0.273167205116297,-0.114507395648809,1.8820888289113,10,"SB05_December",0
"284","December","SB05","284","Foliose","Brown","Medium","Health","Health",0,0,8,8,"December _ SB05",1.932055394,-2.445204864,-0.98484698,9.82848581,-0.0520919633241387,-0.273167205116297,-0.114507395648809,1.8820888289113,8,"SB05_December",0
"285","December","SB05","285","Foliose","Brown","Large","Diseased","Pale",2,4,50,46,"December _ SB05",1.932055394,-2.445204864,-0.98484698,9.82848581,-0.0520919633241387,-0.273167205116297,-0.114507395648809,1.8820888289113,46,"SB05_December",1
"286","December","SB05","286","Foliose","Purple","Medium","Diseased","Pale",2,5,9,4,"December _ SB05",1.932055394,-2.445204864,-0.98484698,9.82848581,-0.0520919633241387,-0.273167205116297,-0.114507395648809,1.8820888289113,4,"SB05_December",1
"287","December","SB05","287","Foliose","Brown","Large","Health","Health",0,0,20,20,"December _ SB05",1.932055394,-2.445204864,-0.98484698,9.82848581,-0.0520919633241387,-0.273167205116297,-0.114507395648809,1.8820888289113,20,"SB05_December",0
"288","December","SB05","288","Foliose","Purple","Large","Diseased","Pale",3,4,29,25,"December _ SB05",1.932055394,-2.445204864,-0.98484698,9.82848581,-0.0520919633241387,-0.273167205116297,-0.114507395648809,1.8820888289113,25,"SB05_December",1
"289","December","SB05","289","Enc","Brown","Large","Diseased","Pale",5,5,35,30,"December _ SB05",1.932055394,-2.445204864,-0.98484698,9.82848581,-0.0520919633241387,-0.273167205116297,-0.114507395648809,1.8820888289113,30,"SB05_December",1
"290","December","EB06","290","Foliose","Brown","Large","Diseased","Health",4,4,24,20,"December _ EB06",-9.656710198,0.585046552,-2.908247291,-2.982699103,-1.28566962267269,0.111630624087154,-0.517748990606483,-0.753152114020152,20,"EB06_December",1
"291","December","EB06","291","Foliose","Brown","Large","Diseased","Health",6,15,35,20,"December _ EB06",-9.656710198,0.585046552,-2.908247291,-2.982699103,-1.28566962267269,0.111630624087154,-0.517748990606483,-0.753152114020152,20,"EB06_December",1
"292","December","EB06","292","Foliose","Brown","Large","Diseased","Health",1,3,10,7,"December _ EB06",-9.656710198,0.585046552,-2.908247291,-2.982699103,-1.28566962267269,0.111630624087154,-0.517748990606483,-0.753152114020152,7,"EB06_December",1
"293","December","EB06","293","Enc","Brown","Small","Diseased","Health",2,5,7,2,"December _ EB06",-9.656710198,0.585046552,-2.908247291,-2.982699103,-1.28566962267269,0.111630624087154,-0.517748990606483,-0.753152114020152,2,"EB06_December",1
"294","December","EB06","294","Foliose","Purple","Large","Diseased","Health",1,4,25,21,"December _ EB06",-9.656710198,0.585046552,-2.908247291,-2.982699103,-1.28566962267269,0.111630624087154,-0.517748990606483,-0.753152114020152,21,"EB06_December",1
"295","December","EB06","295","Foliose","Purple","Large","Health","Health",0,0,28,28,"December _ EB06",-9.656710198,0.585046552,-2.908247291,-2.982699103,-1.28566962267269,0.111630624087154,-0.517748990606483,-0.753152114020152,28,"EB06_December",0
"296","December","EB06","296","Enc","Brown","Medium","Diseased","Health",4,40,60,20,"December _ EB06",-9.656710198,0.585046552,-2.908247291,-2.982699103,-1.28566962267269,0.111630624087154,-0.517748990606483,-0.753152114020152,20,"EB06_December",1
"297","December","EB06","297","Enc","Brown","Large","Diseased","Pale",6,10,60,50,"December _ EB06",-9.656710198,0.585046552,-2.908247291,-2.982699103,-1.28566962267269,0.111630624087154,-0.517748990606483,-0.753152114020152,50,"EB06_December",1
"298","December","EB07","298","Foliose","Brown","Large","Diseased","Pale",3,10,30,20,"December _ EB07",-4.115853422,-6.240701185,2.999357581,-1.069970955,-0.695867621910671,-0.755140000297226,0.72078258149588,-0.35970688920006,20,"EB07_December",1
"299","December","EB07","299","Foliose","Brown","Medium","Diseased","Pale",3,5,10,5,"December _ EB07",-4.115853422,-6.240701185,2.999357581,-1.069970955,-0.695867621910671,-0.755140000297226,0.72078258149588,-0.35970688920006,5,"EB07_December",1
"300","December","EB07","300","Enc","Brown","Small","Health","Pale",0,0,0,0,"December _ EB07",-4.115853422,-6.240701185,2.999357581,-1.069970955,-0.695867621910671,-0.755140000297226,0.72078258149588,-0.35970688920006,0,"EB07_December",0
"301","December","EB07","301","Enc","Brown","Small","Diseased","Health",2,3,10,7,"December _ EB07",-4.115853422,-6.240701185,2.999357581,-1.069970955,-0.695867621910671,-0.755140000297226,0.72078258149588,-0.35970688920006,7,"EB07_December",1
"302","December","EB07","302","Enc","Brown","Small","Health","Pale",0,0,5,5,"December _ EB07",-4.115853422,-6.240701185,2.999357581,-1.069970955,-0.695867621910671,-0.755140000297226,0.72078258149588,-0.35970688920006,5,"EB07_December",0
"303","December","EB07","303","Foliose","Brown","Medium","Diseased","Pale",5,10,15,5,"December _ EB07",-4.115853422,-6.240701185,2.999357581,-1.069970955,-0.695867621910671,-0.755140000297226,0.72078258149588,-0.35970688920006,5,"EB07_December",1
"304","December","EB07","304","Enc","Brown","Small","Health","Pale",0,0,20,20,"December _ EB07",-4.115853422,-6.240701185,2.999357581,-1.069970955,-0.695867621910671,-0.755140000297226,0.72078258149588,-0.35970688920006,20,"EB07_December",0
"305","December","EB07","305","Foliose","Purple","Medium","Diseased","Health",4,4,30,26,"December _ EB07",-4.115853422,-6.240701185,2.999357581,-1.069970955,-0.695867621910671,-0.755140000297226,0.72078258149588,-0.35970688920006,26,"EB07_December",1
"306","December","EB07","306","Foliose","Brown","Large","Diseased","Pale",1,5,40,35,"December _ EB07",-4.115853422,-6.240701185,2.999357581,-1.069970955,-0.695867621910671,-0.755140000297226,0.72078258149588,-0.35970688920006,35,"EB07_December",1
"307","December","EB07","307","Foliose","Brown","Large","Diseased","Health",12,15,42,27,"December _ EB07",-4.115853422,-6.240701185,2.999357581,-1.069970955,-0.695867621910671,-0.755140000297226,0.72078258149588,-0.35970688920006,27,"EB07_December",1
"308","December","EB07","308","Foliose","Purple","Large","Health","Health",0,0,30,30,"December _ EB07",-4.115853422,-6.240701185,2.999357581,-1.069970955,-0.695867621910671,-0.755140000297226,0.72078258149588,-0.35970688920006,30,"EB07_December",0
"309","December","EB07","309","Enc","Brown","Small","Health","Health",0,0,10,10,"December _ EB07",-4.115853422,-6.240701185,2.999357581,-1.069970955,-0.695867621910671,-0.755140000297226,0.72078258149588,-0.35970688920006,10,"EB07_December",0
"310","December","EB07","310","Foliose","Purple","Medium","Diseased","Pale",1,4,26,22,"December _ EB07",-4.115853422,-6.240701185,2.999357581,-1.069970955,-0.695867621910671,-0.755140000297226,0.72078258149588,-0.35970688920006,22,"EB07_December",1
"311","December","EB07","311","Foliose","Brown","Large","Diseased","Pale",7,8,23,15,"December _ EB07",-4.115853422,-6.240701185,2.999357581,-1.069970955,-0.695867621910671,-0.755140000297226,0.72078258149588,-0.35970688920006,15,"EB07_December",1
"312","December","EB11","312","Enc","Brown","Small","Health","Health",0,0,5,5,"December _ EB11",-18.82694961,-3.266102708,3.234900674,-1.141486968,-2.26180486155697,-0.377409284404214,0.77016427908602,-0.374417622579732,5,"EB11_December",0
"313","December","EB11","313","Foliose","Brown","Medium","Diseased","Health",2,4,20,16,"December _ EB11",-18.82694961,-3.266102708,3.234900674,-1.141486968,-2.26180486155697,-0.377409284404214,0.77016427908602,-0.374417622579732,16,"EB11_December",1
"314","December","EB11","314","Foliose","Brown","Small","Health","Health",0,0,20,20,"December _ EB11",-18.82694961,-3.266102708,3.234900674,-1.141486968,-2.26180486155697,-0.377409284404214,0.77016427908602,-0.374417622579732,20,"EB11_December",0
"315","December","EB11","315","Enc","Brown","Small","Diseased","Pale",3,8,23,15,"December _ EB11",-18.82694961,-3.266102708,3.234900674,-1.141486968,-2.26180486155697,-0.377409284404214,0.77016427908602,-0.374417622579732,15,"EB11_December",1
"316","December","EB11","316","Enc","Brown","Small","Diseased","Pale",3,5,25,20,"December _ EB11",-18.82694961,-3.266102708,3.234900674,-1.141486968,-2.26180486155697,-0.377409284404214,0.77016427908602,-0.374417622579732,20,"EB11_December",1
"317","December","EB11","317","Enc","Brown","Small","Diseased","Health",2,5,7,2,"December _ EB11",-18.82694961,-3.266102708,3.234900674,-1.141486968,-2.26180486155697,-0.377409284404214,0.77016427908602,-0.374417622579732,2,"EB11_December",1
"318","December","EB11","318","Foliose","Brown","Medium","Diseased","Health",1,20,23,3,"December _ EB11",-18.82694961,-3.266102708,3.234900674,-1.141486968,-2.26180486155697,-0.377409284404214,0.77016427908602,-0.374417622579732,3,"EB11_December",1
"319","December","EB11","319","Enc","Brown","Large","Diseased","Pale",2,4,19,15,"December _ EB11",-18.82694961,-3.266102708,3.234900674,-1.141486968,-2.26180486155697,-0.377409284404214,0.77016427908602,-0.374417622579732,15,"EB11_December",1
"320","December","EB02","320","Enc","Brown","Small","Diseased","Pale",1,3,53,50,"December _ EB02",-16.10699953,-0.012890847,-11.52756976,-0.355398932,-1.97227707478841,0.0357012764693659,-2.324793171673,-0.212720528104598,50,"EB02_December",1
"321","December","EB02","321","Foliose","Brown","Medium","Diseased","Health",10,20,50,30,"December _ EB02",-16.10699953,-0.012890847,-11.52756976,-0.355398932,-1.97227707478841,0.0357012764693659,-2.324793171673,-0.212720528104598,30,"EB02_December",1
"322","December","EB02","322","Foliose","Brown","Medium","Diseased","Pale",5,18,40,22,"December _ EB02",-16.10699953,-0.012890847,-11.52756976,-0.355398932,-1.97227707478841,0.0357012764693659,-2.324793171673,-0.212720528104598,22,"EB02_December",1
"323","December","EB02","323","Foliose","Brown","Large","Diseased","Health",4,15,45,30,"December _ EB02",-16.10699953,-0.012890847,-11.52756976,-0.355398932,-1.97227707478841,0.0357012764693659,-2.324793171673,-0.212720528104598,30,"EB02_December",1
"324","December","EB02","324","Foliose","Brown","Large","Diseased","Pale",8,15,30,15,"December _ EB02",-16.10699953,-0.012890847,-11.52756976,-0.355398932,-1.97227707478841,0.0357012764693659,-2.324793171673,-0.212720528104598,15,"EB02_December",1
"325","December","EB02","325","Enc","Brown","Large","Diseased","Pale",8,20,60,40,"December _ EB02",-16.10699953,-0.012890847,-11.52756976,-0.355398932,-1.97227707478841,0.0357012764693659,-2.324793171673,-0.212720528104598,40,"EB02_December",1
"326","December","EB02","326","Enc","Brown","Large","Diseased","Pale",5,10,35,25,"December _ EB02",-16.10699953,-0.012890847,-11.52756976,-0.355398932,-1.97227707478841,0.0357012764693659,-2.324793171673,-0.212720528104598,25,"EB02_December",1
"327","December","EB02","327","Enc","Brown","Medium","Health","Pale",0,0,45,45,"December _ EB02",-16.10699953,-0.012890847,-11.52756976,-0.355398932,-1.97227707478841,0.0357012764693659,-2.324793171673,-0.212720528104598,45,"EB02_December",0
"328","December","EB02","328","Enc","Brown","Large","Health","Health",0,0,18,18,"December _ EB02",-16.10699953,-0.012890847,-11.52756976,-0.355398932,-1.97227707478841,0.0357012764693659,-2.324793171673,-0.212720528104598,18,"EB02_December",0
