Image_ID,Image ,Date,Transect,Transect_ID,PQ,Points,Acanthastrea,Acropora_br,Acropora_pl,Alveopora,Astrea,Cyphastrea,Euphyllia,Homophyllia sp.,Lobophyllia,Montipora_enc,Montipora_fol,Paragoniastrea,Pectinia,Platygyra,Plesiastrea,Pocillopora,Porites,Psammocora,Stylophora,Turbinaria,Anemone,Benthic_invert,Soft_coral,Sponge,Zooanthid,Sand,Sediment,Dead_coral,Rhodoliths,Black_cyano,Cyanofil,Rubble,Turf_sediment,Amansia,Amphiroa,Asparagopsis,Bryopsis ,Caulerpa_cupre,Caulerpa_racemosa,CCA ,Chlorodesmis sp.,Codium fragile,Colpomennia sinuosa,Red_cyano,Dasycladus,Dictyopteris,Dictyota,Halimeda,Halymenia,Hydroclathrus,Hypnea,Laurencia,Peysonnelia,Chaetomorpha,Hormosira,Padina,Plocamium ,Sargassum,Tricleocarpa fragilis,Turf ,Ulva,Valonia 
2032455,April_EB0_#1.png,April,1,EB0,1,100,0,11,0,0,22,0,0,0,0,0,0,0,0,0,0,0,0,0,0,0,1,0,0,0,0,0,0,0,0,4,0,0,18,0,0,0,1,0,3,1,0,0,0,37,0,0,0,0,0,0,1,0,0,0,0,0,0,0,1,0,0,0
2032454,April_EB0_#2.png,April,1,EB0,2,100,0,59,3,0,0,0,0,0,0,0,0,0,8,0,0,0,0,0,0,0,0,0,0,0,0,0,0,0,0,1,0,0,11,0,0,0,0,0,1,0,0,0,0,16,0,0,0,0,0,0,0,0,0,0,0,0,0,0,1,0,0,0
2032453,April_EB0_#3.png,April,1,EB0,3,100,0,23,77,0,0,0,0,0,0,0,0,0,0,0,0,0,0,0,0,0,0,0,0,0,0,0,0,0,0,0,0,0,0,0,0,0,0,0,0,0,0,0,0,0,0,0,0,0,0,0,0,0,0,0,0,0,0,0,0,0,0,0
2032452,April_EB0_#4.png,April,1,EB0,4,100,0,5,87,0,0,0,0,0,0,0,0,0,0,0,0,0,0,0,0,0,0,0,0,0,0,3,2,2,0,0,0,0,0,0,0,0,0,0,0,0,0,0,0,1,0,0,0,0,0,0,0,0,0,0,0,0,0,0,0,0,0,0
2032451,April_EB0_#5.png,April,1,EB0,5,100,0,0,0,0,0,0,0,0,0,15,0,3,0,10,0,0,0,0,11,0,3,0,0,0,0,1,2,3,0,0,0,0,19,0,5,0,0,0,9,0,0,0,0,12,0,0,0,0,0,0,0,0,0,0,0,0,0,0,1,6,0,0
2032450,April_EB0_#6.png,April,1,EB0,6,100,0,56,0,0,0,0,0,0,0,3,0,0,0,0,0,0,0,0,0,0,0,0,0,0,0,0,2,1,0,1,0,0,12,0,0,0,0,0,0,0,0,0,0,22,0,0,0,0,0,0,0,0,0,0,0,0,0,0,0,3,0,0
2032400,April_EB11_#10.png,April,2,EB11,10,100,0,0,0,0,0,0,0,0,0,0,0,0,0,0,5,0,0,0,0,0,1,0,0,0,0,0,6,0,0,1,0,0,23,0,0,0,3,11,3,3,0,0,0,43,0,0,0,0,0,0,0,0,0,0,0,0,0,0,0,1,0,0
2032409,April_EB11_#1.png,April,2,EB11,1,100,0,0,0,0,0,0,0,0,0,4,18,0,0,0,0,0,0,0,0,0,0,0,0,0,0,0,5,0,0,2,0,0,25,0,0,0,2,1,4,2,0,0,0,32,0,0,0,0,0,0,0,0,0,0,0,0,0,0,0,5,0,0
2032408,April_EB11_#2.png,April,2,EB11,2,100,0,0,0,0,0,0,0,0,0,3,24,0,2,0,0,0,0,0,0,0,1,0,0,0,0,0,2,1,0,0,0,2,15,0,0,0,3,0,0,2,0,0,0,34,0,0,0,0,0,0,0,0,5,0,0,2,0,0,1,3,0,0
2032407,April_EB11_#3.png,April,2,EB11,3,100,0,0,94,0,0,0,0,0,0,0,0,0,0,0,0,0,0,0,0,0,0,0,0,0,0,0,0,0,0,0,0,0,0,0,0,0,0,0,0,0,0,0,0,4,0,0,0,0,0,0,0,0,0,0,0,0,0,0,0,2,0,0
2032406,April_EB11_#4.png,April,2,EB11,4,100,1,1,88,0,0,0,0,0,0,0,0,0,0,0,0,0,0,0,3,0,0,0,0,0,0,0,0,0,0,0,0,0,1,0,0,0,0,0,0,0,0,0,0,6,0,0,0,0,0,0,0,0,0,0,0,0,0,0,0,0,0,0
2032405,April_EB11_#5.png,April,2,EB11,5,100,0,4,3,0,0,0,0,0,0,0,0,0,0,0,0,0,0,0,0,2,0,0,0,0,0,0,4,1,0,0,0,3,15,0,0,0,5,0,4,9,0,0,0,35,0,0,0,0,0,0,0,0,1,0,0,0,0,0,1,13,0,0
2032404,April_EB11_#6.png,April,2,EB11,6,100,0,1,5,0,0,0,0,0,0,0,0,0,0,0,0,0,0,0,0,3,0,0,0,0,0,0,0,1,0,1,0,6,12,0,0,0,0,0,4,14,0,0,0,36,0,0,0,0,0,0,0,0,2,0,0,0,0,0,0,15,0,0
2032403,April_EB11_#7.png,April,2,EB11,7,100,0,5,0,0,0,0,0,0,0,0,0,0,0,0,0,0,0,0,0,0,0,0,0,0,0,0,4,0,0,1,0,1,21,0,0,0,0,1,3,5,0,0,0,52,0,0,0,0,0,0,0,0,0,0,0,0,0,0,0,7,0,0
2032402,April_EB11_#8.png,April,2,EB11,8,100,0,0,52,0,0,0,0,0,0,0,1,0,1,0,0,0,0,0,0,0,0,0,0,0,0,0,0,0,0,6,0,0,10,0,0,0,0,0,0,2,0,0,0,27,0,0,0,0,0,0,0,0,0,0,0,0,0,0,0,1,0,0
2032401,April_EB11_#9.png,April,2,EB11,9,100,0,0,0,0,3,0,0,0,0,0,18,0,0,0,0,0,0,0,0,0,0,1,0,0,0,0,0,0,0,1,0,0,15,0,0,0,0,10,1,0,0,0,0,32,0,0,0,0,0,0,0,0,3,0,0,1,0,0,1,14,0,0
2032440,April_EB2_#10.png,April,3,EB2,10,100,0,0,0,0,0,0,0,0,0,0,31,0,0,1,0,0,4,0,22,0,4,0,0,0,0,0,0,0,0,0,0,0,13,0,0,0,1,2,0,1,0,0,0,6,0,0,1,0,0,0,0,0,0,0,0,0,0,0,0,14,0,0
2032449,April_EB2_#1.png,April,3,EB2,1,100,0,0,0,0,0,0,0,0,0,0,0,0,0,0,0,0,0,0,0,1,0,0,0,0,0,2,16,0,0,1,0,1,27,0,0,0,0,1,17,1,0,0,0,23,0,0,1,0,0,0,0,0,0,0,0,0,0,0,0,8,0,0
2032448,April_EB2_#2.png,April,3,EB2,2,100,0,0,0,0,0,0,0,0,0,0,0,0,0,0,1,50,6,0,2,0,0,0,0,0,0,0,2,1,0,0,0,1,19,0,0,0,0,0,0,0,0,0,0,9,1,4,2,0,0,0,1,0,0,0,0,0,0,0,0,1,0,0
2032447,April_EB2_#3.png,April,3,EB2,3,100,0,1,0,0,0,1,0,0,0,2,0,0,2,0,0,0,1,0,1,1,0,0,0,0,0,0,9,0,0,4,0,1,25,0,0,0,0,5,0,0,0,0,0,20,0,13,6,0,0,0,0,0,0,0,0,0,0,0,1,7,0,0
2032446,April_EB2_#4.png,April,3,EB2,4,100,0,0,0,0,0,0,0,0,0,0,96,0,0,0,0,0,0,0,0,0,0,0,0,0,0,0,0,2,0,0,0,0,1,0,0,0,0,0,0,0,0,0,0,1,0,0,0,0,0,0,0,0,0,0,0,0,0,0,0,0,0,0
2032444,April_EB2_#5.png,April,3,EB2,5,100,0,0,0,0,0,0,0,0,0,33,1,0,0,0,2,0,0,0,0,0,0,0,0,0,0,0,24,2,0,0,0,1,4,0,0,0,0,0,2,3,0,0,0,24,0,0,1,0,0,0,0,0,1,0,0,0,0,0,0,2,0,0
2032445,April_EB2_#6.png,April,3,EB2,6,100,0,0,0,0,0,0,0,0,0,85,5,0,0,0,0,0,0,0,0,0,0,0,0,0,0,0,2,1,0,0,0,0,2,0,0,0,0,0,0,0,0,0,0,4,0,0,1,0,0,0,0,0,0,0,0,0,0,0,0,0,0,0
2032443,April_EB2_#7.png,April,3,EB2,7,100,0,0,0,0,0,0,0,0,0,0,0,0,0,0,0,0,0,0,0,0,0,0,0,0,0,1,27,0,0,0,0,0,21,0,0,0,0,5,0,0,0,0,0,36,0,4,2,2,0,0,0,0,0,0,0,0,0,0,0,2,0,0
2032442,April_EB2_#8.png,April,3,EB2,8,100,0,0,0,0,0,0,0,1,0,0,0,0,0,13,0,0,14,0,0,0,0,0,0,0,0,0,12,0,0,3,0,0,15,0,3,0,0,0,0,2,0,0,0,35,0,0,0,0,0,0,0,0,0,0,0,0,0,0,0,2,0,0
2032441,April_EB2_#9.png,April,3,EB2,9,100,0,0,0,0,3,5,0,0,2,0,0,0,0,0,0,0,3,0,0,2,0,0,0,1,0,0,2,0,0,1,0,2,26,0,0,0,1,4,15,0,0,0,0,22,0,4,0,1,0,0,0,0,0,0,0,0,0,0,5,0,0,1
2032430,April_EB5_#10.png,April,4,EB5,10,100,0,31,0,0,0,0,0,0,0,0,0,0,0,0,0,0,0,0,1,0,0,1,0,2,0,0,5,0,0,6,0,0,21,0,0,0,0,1,5,1,0,0,0,19,0,0,0,0,0,0,0,0,0,0,0,0,0,0,3,4,0,0
2032438,April_EB5_#1.png,April,4,EB5,1,100,1,3,1,0,0,0,0,0,0,7,0,0,0,0,0,0,0,0,0,0,1,0,0,2,0,0,2,0,0,2,0,4,19,0,0,0,2,3,9,2,0,0,0,39,0,0,0,0,0,0,0,0,0,0,0,0,0,0,0,3,0,0
2032439,April_EB5_#2.png,April,4,EB5,2,100,0,0,1,0,9,0,0,0,0,5,0,0,0,0,0,0,0,0,0,2,0,1,0,3,0,0,0,0,0,1,0,0,11,0,3,0,0,5,48,1,0,0,0,6,0,0,0,0,0,0,0,2,0,0,0,0,0,0,0,2,0,0
2032437,April_EB5_#3.png,April,4,EB5,3,100,0,10,35,0,11,0,0,0,0,0,0,0,0,0,1,0,0,0,0,1,0,0,0,0,0,0,9,0,0,0,0,0,10,0,0,0,0,4,3,1,0,0,0,14,0,0,0,0,0,0,0,0,0,0,0,0,0,0,0,1,0,0
2032436,April_EB5_#4.png,April,4,EB5,4,100,0,9,0,0,0,1,0,0,0,18,6,0,0,0,0,0,0,0,0,0,1,0,0,0,0,0,7,1,0,5,0,0,19,0,2,0,0,0,3,0,0,0,0,18,0,0,0,0,0,0,0,0,0,0,0,0,0,0,0,10,0,0
2032435,April_EB5_#5.png,April,4,EB5,5,100,0,13,0,0,0,3,0,0,0,8,14,0,1,0,0,0,0,0,0,5,0,3,0,0,0,0,2,0,0,2,0,1,14,0,0,0,1,1,26,1,0,0,0,3,0,0,0,0,0,0,1,0,0,0,0,0,0,0,0,1,0,0
2032434,April_EB5_#6.png,April,4,EB5,6,100,0,0,0,0,0,0,0,0,0,14,11,0,1,0,0,0,0,0,0,0,0,0,0,0,0,4,10,2,0,0,0,6,13,0,7,0,0,2,0,0,0,0,0,23,0,0,0,0,0,0,0,0,0,0,0,0,0,0,1,5,0,1
2032433,April_EB5_#7.png,April,4,EB5,7,100,0,6,0,0,0,3,0,0,0,0,0,0,0,0,0,0,0,0,14,1,0,0,0,0,1,0,6,0,0,4,0,1,18,0,0,0,0,2,30,0,0,0,0,8,0,0,0,0,0,0,1,0,0,0,0,0,0,0,1,4,0,0
2032432,April_EB5_#8.png,April,4,EB5,8,100,0,0,17,0,0,0,0,0,0,0,0,0,0,0,0,0,0,0,17,0,0,0,0,0,0,18,17,0,0,0,0,0,3,0,0,0,1,0,18,0,0,0,0,2,0,6,0,0,0,0,0,1,0,0,0,0,0,0,0,0,0,0
2032431,April_EB5_#9.png,April,4,EB5,9,100,0,4,0,0,0,0,0,0,0,0,0,0,0,1,0,0,0,0,3,0,2,0,0,0,0,0,21,0,0,1,0,5,13,0,0,0,2,2,11,0,0,0,0,32,0,0,0,0,0,0,0,2,0,0,0,0,0,0,0,0,0,1
2032420,April_EB6_#10.png,April,5,EB6,10,100,0,0,0,0,0,0,0,0,0,0,0,0,0,0,0,0,1,0,0,0,0,1,0,0,0,8,4,0,0,4,0,0,62,0,1,0,0,1,0,1,0,0,0,11,0,2,0,0,0,0,1,0,0,0,0,0,0,0,3,0,0,0
2032429,April_EB6_#1.png,April,5,EB6,1,100,0,0,0,0,0,0,0,0,0,5,0,0,0,0,0,0,0,0,0,0,0,0,0,0,0,7,7,0,1,0,0,0,28,0,1,0,0,5,7,0,0,0,0,2,0,26,2,0,0,0,2,0,0,0,0,0,0,0,0,6,0,1
2032428,April_EB6_#2.png,April,5,EB6,2,100,0,2,0,0,1,0,0,0,0,29,4,0,1,0,0,0,0,0,0,0,0,0,1,0,0,1,7,1,0,0,0,0,13,0,20,0,0,0,0,0,0,0,0,0,0,10,0,1,0,1,0,0,1,0,0,0,0,4,1,1,0,1
2032427,April_EB6_#3.png,April,5,EB6,3,100,0,0,0,0,0,0,0,0,0,0,0,0,9,0,0,0,0,0,0,2,2,0,1,0,0,4,10,0,0,5,0,0,28,1,4,0,1,3,0,3,0,0,0,4,0,7,4,0,0,0,0,3,0,0,0,0,0,1,1,7,0,0
2032426,April_EB6_#4.png,April,5,EB6,4,100,0,0,0,0,1,0,0,0,1,0,0,0,0,0,0,0,0,0,0,0,0,0,4,0,0,6,19,0,0,2,0,1,39,0,0,0,0,0,3,0,0,0,0,12,0,0,0,0,0,0,1,8,0,1,0,0,0,0,0,0,0,2
2032425,April_EB6_#5.png,April,5,EB6,5,100,0,0,0,0,0,0,0,0,0,1,0,0,0,0,0,0,0,0,0,3,0,0,0,2,0,1,8,0,0,0,0,0,24,0,0,0,0,0,48,0,0,0,0,8,0,1,0,1,0,0,0,0,0,0,0,0,0,0,1,1,0,1
2032424,April_EB6_#6.png,April,5,EB6,6,100,0,1,0,0,0,0,0,0,0,0,0,0,0,0,0,0,0,0,0,0,0,0,0,0,0,52,8,0,0,0,0,0,5,0,0,0,1,0,1,3,0,0,0,16,0,4,0,2,0,0,0,0,1,0,0,0,0,5,0,1,0,0
2032423,April_EB6_#7.png,April,5,EB6,7,100,0,0,0,0,0,0,0,0,0,0,0,0,0,0,0,0,0,0,0,0,0,0,0,4,0,8,17,0,0,3,0,0,28,1,0,2,0,6,4,0,0,0,0,20,0,3,2,0,0,0,1,1,0,0,0,0,0,0,0,0,0,0
2032422,April_EB6_#8.png,April,5,EB6,8,100,0,30,0,0,0,0,0,0,0,0,0,0,0,0,0,0,0,0,0,3,1,0,0,0,0,5,12,0,0,4,0,0,16,0,0,0,0,0,7,4,0,0,0,7,0,1,1,0,0,0,0,0,0,0,0,0,0,0,6,3,0,0
2032421,April_EB6_#9.png,April,5,EB6,9,100,0,0,0,0,0,0,0,0,4,0,0,0,0,0,0,0,0,0,0,2,0,1,0,0,0,1,18,0,0,0,0,1,37,0,0,0,0,0,0,2,0,0,0,23,0,6,0,0,0,0,0,0,0,0,0,0,0,0,0,5,0,0
2032410,April_EB7_#10.png,April,6,EB7,10,100,9,0,0,0,0,0,0,0,0,0,0,0,0,0,0,0,2,0,0,0,2,0,0,1,0,0,0,0,0,1,0,0,23,0,0,0,7,3,7,1,0,0,0,38,0,4,0,0,0,0,1,0,0,0,0,0,0,0,1,0,0,0
2032419,April_EB7_#1.png,April,6,EB7,1,100,0,0,0,0,0,1,0,0,0,10,0,1,0,0,2,0,0,0,0,1,0,0,0,0,0,0,2,0,0,5,0,0,24,0,0,0,0,0,19,2,0,0,0,22,0,3,0,0,0,0,0,0,0,0,0,1,0,0,3,4,0,0
2032418,April_EB7_#2.png,April,6,EB7,2,100,0,0,0,0,0,2,0,0,0,0,0,0,0,6,0,0,0,0,0,1,2,0,0,0,0,3,2,2,0,2,0,0,35,0,4,0,0,0,13,1,0,0,0,24,0,2,0,0,0,0,0,0,0,0,0,0,0,0,0,1,0,0
2032417,April_EB7_#3.png,April,6,EB7,3,100,20,0,0,0,0,1,0,0,0,0,0,0,0,0,1,0,0,0,0,0,1,0,0,0,0,0,10,0,0,0,0,0,26,0,0,0,1,1,0,0,0,0,0,33,0,1,0,0,2,0,1,0,0,0,0,0,0,0,0,0,0,2
2032416,April_EB7_#4.png,April,6,EB7,4,100,0,0,0,0,0,0,0,0,0,4,37,0,0,0,1,0,0,0,0,0,0,0,0,0,0,0,3,0,0,2,0,0,4,0,0,0,0,2,24,0,0,0,0,23,0,0,0,0,0,0,0,0,0,0,0,0,0,0,0,0,0,0
2032415,April_EB7_#5.png,April,6,EB7,5,100,0,0,0,0,0,0,0,0,0,0,68,0,0,0,0,0,0,0,2,0,0,0,0,0,0,0,2,1,0,0,0,0,0,0,0,0,0,1,13,0,0,0,0,12,0,1,0,0,0,0,0,0,0,0,0,0,0,0,0,0,0,0
2032414,April_EB7_#6.png,April,6,EB7,6,100,31,0,0,0,0,0,0,0,0,0,0,0,0,0,0,0,0,0,10,0,1,0,0,0,0,0,5,0,0,1,0,0,15,0,0,0,0,3,2,2,0,0,0,26,0,1,0,0,0,0,0,0,1,0,0,0,0,0,0,2,0,0
2032413,April_EB7_#7.png,April,6,EB7,7,100,0,0,0,0,0,2,0,0,0,3,0,0,0,0,0,0,0,0,0,0,0,0,0,0,0,0,14,0,0,15,0,0,14,0,0,0,0,10,5,0,0,0,0,36,0,0,0,0,0,0,1,0,0,0,0,0,0,0,0,0,0,0
2032412,April_EB7_#8.png,April,6,EB7,8,100,0,0,0,0,0,1,0,0,0,37,8,0,0,0,0,0,0,0,0,0,0,0,0,0,0,0,7,1,0,1,0,0,7,0,2,0,0,0,12,1,0,0,0,18,0,0,0,0,0,0,0,1,0,0,0,0,0,0,3,1,0,0
2032411,April_EB7_#9.png,April,6,EB7,9,100,0,0,0,0,0,0,0,0,0,24,16,0,0,0,0,0,0,0,0,0,4,0,0,0,0,0,6,0,0,2,0,0,9,0,0,0,5,3,0,0,3,0,0,26,0,0,0,0,0,0,0,0,0,0,0,0,0,0,1,1,0,0
2032390,April_SB01_#10.png,April,7,SB1,10,100,0,0,4,0,0,2,0,0,0,10,3,0,0,0,0,0,0,0,0,1,3,0,1,0,0,0,3,0,0,2,0,0,8,0,0,0,9,0,14,4,0,0,0,23,0,0,0,0,0,0,4,1,0,0,0,0,0,0,1,7,0,0
2032399,April_SB01_#1.png,April,7,SB1,1,100,0,0,0,0,0,1,0,0,0,0,0,0,0,0,0,1,0,0,0,0,0,0,0,0,0,1,3,0,0,0,0,0,18,0,0,0,1,3,57,0,0,0,0,14,0,0,0,0,0,0,0,0,0,0,0,0,0,0,0,1,0,0
2032398,April_SB01_#2.png,April,7,SB1,2,100,41,0,0,0,0,1,0,0,0,0,0,0,0,0,0,0,0,0,0,0,0,0,0,0,0,0,1,0,0,3,0,0,5,0,0,0,2,0,31,0,0,0,0,15,0,0,0,0,0,0,0,0,0,0,0,0,0,0,0,1,0,0
2032397,April_SB01_#3.png,April,7,SB1,3,100,2,0,0,0,0,1,0,0,0,0,0,0,0,0,5,0,0,0,0,0,0,0,0,0,0,0,3,0,0,9,0,0,23,0,2,3,1,2,9,5,0,0,0,25,0,0,0,0,0,0,6,0,1,0,0,0,0,0,1,2,0,0
2032396,April_SB01_#4.png,April,7,SB1,4,100,0,0,0,0,0,0,0,0,0,0,9,4,0,0,0,0,0,0,0,0,0,0,0,0,0,0,1,7,0,5,0,1,5,4,1,0,3,4,23,6,1,0,0,13,0,0,0,0,0,1,2,0,1,0,0,0,0,0,0,8,0,1
2032395,April_SB01_#5.png,April,7,SB1,5,100,0,0,0,0,0,1,0,0,0,45,9,0,0,0,0,0,0,0,0,0,0,0,0,0,0,0,3,5,0,2,0,0,6,0,0,0,0,0,7,0,0,0,0,15,0,0,0,0,0,0,0,0,0,0,0,0,0,0,0,7,0,0
2032394,April_SB01_#6.png,April,7,SB1,6,100,0,0,100,0,0,0,0,0,0,0,0,0,0,0,0,0,0,0,0,0,0,0,0,0,0,0,0,0,0,0,0,0,0,0,0,0,0,0,0,0,0,0,0,0,0,0,0,0,0,0,0,0,0,0,0,0,0,0,0,0,0,0
2032393,April_SB01_#7.png,April,7,SB1,7,100,0,0,2,0,0,4,0,0,0,0,0,0,0,0,0,0,0,0,0,1,0,0,0,0,0,0,6,0,0,13,0,0,23,0,0,0,5,2,1,6,0,0,0,33,0,0,0,0,0,0,0,0,0,0,0,0,0,0,2,2,0,0
2032392,April_SB01_#8.png,April,7,SB1,8,100,0,4,22,0,0,3,0,0,0,0,0,0,0,0,0,0,0,0,0,0,0,0,0,0,0,3,3,0,0,5,0,1,4,0,0,0,11,0,11,1,0,0,0,28,0,0,0,0,0,0,0,0,2,0,0,0,0,0,1,1,0,0
2032391,April_SB01_#9.png,April,7,SB1,9,100,0,14,68,0,0,2,0,0,0,0,0,0,0,0,0,0,0,0,0,0,0,0,0,2,0,0,0,0,0,1,0,0,1,0,0,0,1,0,6,0,0,0,0,2,0,0,0,0,0,0,0,0,1,0,0,0,0,0,0,2,0,0
2032380,April_SB02_#10.png,April,8,SB2,10,100,0,0,0,0,0,0,0,0,0,1,43,0,0,0,0,0,0,0,0,0,1,0,0,0,0,0,0,0,0,4,0,0,8,0,0,0,6,1,3,8,0,0,0,20,0,0,0,0,0,0,0,0,0,0,0,0,0,0,1,4,0,0
2032389,April_SB02_#1.png,April,8,SB2,1,100,0,0,0,0,0,0,0,0,0,0,0,9,0,0,0,0,0,0,0,0,0,0,0,0,0,0,2,0,0,4,0,0,18,0,0,0,4,0,8,3,0,0,0,44,0,0,0,0,0,0,4,0,0,0,0,0,0,0,2,2,0,0
2032388,April_SB02_#2.png,April,8,SB2,2,100,0,0,17,0,0,1,0,0,0,18,8,0,0,0,0,0,0,0,0,0,3,0,0,0,0,0,0,0,0,1,0,0,8,0,0,0,0,0,11,1,0,0,0,31,0,0,0,0,0,0,0,0,0,0,0,0,0,0,0,1,0,0
2032387,April_SB02_#3.png,April,8,SB2,3,100,0,0,0,0,0,0,0,0,0,0,0,0,0,0,0,0,0,0,0,1,0,0,0,1,0,0,4,0,0,5,0,0,36,0,3,0,5,0,6,0,0,0,0,30,0,0,0,0,0,0,4,0,1,0,0,0,0,0,0,4,0,0
2032385,April_SB02_#4.png,April,8,SB2,4,100,0,0,0,0,0,0,0,0,0,0,0,0,0,0,0,0,0,0,24,0,0,0,0,0,0,0,1,0,0,0,0,0,7,0,2,0,1,1,45,0,0,0,0,17,0,0,0,0,0,0,2,0,0,0,0,0,0,0,0,0,0,0
2032386,April_SB02_#5.png,April,8,SB2,5,100,0,0,0,0,0,0,0,0,0,0,0,0,0,0,0,0,0,0,0,1,0,0,0,0,0,0,2,0,0,3,5,0,46,0,0,0,1,2,4,0,0,0,0,32,0,0,0,0,0,0,0,0,0,0,0,0,0,0,4,0,0,0
2032384,April_SB02_#6.png,April,8,SB2,6,100,0,0,0,0,0,0,0,0,0,5,7,0,0,0,0,0,0,0,0,0,0,0,0,0,0,0,0,0,0,0,0,1,21,0,0,0,2,0,16,0,0,0,0,43,0,0,0,0,0,0,0,0,0,0,0,0,0,0,2,3,0,0
2032383,April_SB02_#7.png,April,8,SB2,7,100,0,0,0,0,0,0,0,0,0,4,4,0,0,0,0,0,0,0,0,6,1,0,0,1,0,0,2,0,0,0,0,0,12,0,0,0,0,0,48,0,0,0,0,19,0,0,0,0,0,0,0,0,0,0,0,0,0,0,1,2,0,0
2032382,April_SB02_#8.png,April,8,SB2,8,100,0,0,0,0,0,0,0,0,0,0,0,0,0,0,0,0,2,0,0,1,1,0,0,0,0,0,4,0,0,0,0,0,22,0,0,0,0,0,24,3,0,0,0,40,0,0,0,0,0,0,0,0,0,0,0,0,0,0,0,3,0,0
2032381,April_SB02_#9.png,April,8,SB2,9,100,0,0,0,0,0,2,0,0,0,0,0,0,0,0,0,0,0,0,0,0,0,0,0,0,0,0,2,0,0,2,0,0,33,0,0,0,1,9,17,4,0,0,0,28,0,1,0,0,0,0,0,0,0,0,0,0,0,0,0,1,0,0
2032370,April_SB03_#10.png,April,9,SB3,10,100,0,0,0,0,0,0,0,0,0,1,10,4,0,18,1,0,0,0,0,0,0,0,0,0,0,0,3,1,0,4,0,0,21,0,0,1,14,1,8,0,0,0,0,8,0,1,0,0,0,0,0,0,0,0,0,0,0,0,0,4,0,0
2032379,April_SB03_#1.png,April,9,SB3,1,100,0,0,9,0,0,4,0,0,0,4,7,0,0,14,0,0,0,0,0,3,0,0,0,1,0,0,3,0,0,0,0,0,17,0,0,0,0,0,0,0,0,0,0,28,0,0,0,0,0,0,1,0,3,0,0,0,0,0,2,4,0,0
2032378,April_SB03_#2.png,April,9,SB3,2,100,0,0,0,0,0,0,0,0,0,0,0,0,0,0,0,0,0,0,19,0,0,0,0,0,0,19,8,0,0,1,0,4,18,0,0,0,0,0,19,0,0,0,0,9,0,1,0,0,0,1,0,0,0,0,0,0,0,0,0,1,0,0
2032377,April_SB03_#3.png,April,9,SB3,3,100,0,0,0,0,0,0,0,0,0,0,40,0,16,0,0,0,0,0,3,0,0,0,0,0,0,0,3,0,0,4,0,2,12,0,0,0,0,0,3,0,0,0,0,15,0,0,0,0,0,0,0,0,0,0,0,0,0,0,1,1,0,0
2032376,April_SB03_#4.png,April,9,SB3,4,100,0,0,0,0,0,0,0,0,0,3,14,0,0,0,0,0,0,0,0,0,0,0,0,0,0,0,14,0,0,1,0,0,29,0,0,2,3,0,3,1,0,0,0,24,0,2,0,0,0,0,1,0,0,0,0,0,0,0,0,3,0,0
2032375,April_SB03_#5.png,April,9,SB3,5,100,0,0,0,0,0,0,0,0,0,6,2,0,0,13,0,0,0,0,0,0,0,0,0,0,0,3,26,0,0,0,0,0,12,0,0,0,2,0,0,0,0,0,0,32,0,3,0,0,0,0,0,0,0,0,0,0,0,0,0,1,0,0
2032374,April_SB03_#6.png,April,9,SB3,6,100,0,0,0,0,0,0,0,0,0,5,14,0,0,0,0,0,0,0,0,0,0,0,0,1,0,0,11,1,0,3,0,1,30,0,0,0,2,2,1,0,0,0,0,25,0,0,0,0,0,0,0,0,0,0,0,0,0,0,0,4,0,0
2032373,April_SB03_#7.png,April,9,SB3,7,100,0,0,0,1,0,0,0,0,0,3,25,0,0,0,0,0,0,0,0,0,3,0,0,0,0,0,3,0,0,5,0,2,20,0,0,0,0,0,9,2,0,0,0,17,0,0,0,1,0,0,1,2,1,0,0,0,0,0,0,5,0,0
2032372,April_SB03_#8.png,April,9,SB3,8,100,0,0,0,0,0,0,0,0,0,0,9,0,0,0,0,13,0,0,7,0,2,0,0,0,0,0,7,0,0,1,0,0,19,0,1,0,0,0,3,2,1,0,0,29,0,0,0,0,0,0,2,0,1,0,0,0,0,0,0,3,0,0
2032371,April_SB03_#9.png,April,9,SB3,9,100,0,0,0,0,5,0,0,0,0,0,0,0,0,0,0,4,1,0,0,0,2,0,0,0,0,0,3,0,0,0,0,0,13,0,0,2,0,0,40,2,0,0,0,23,0,0,1,0,0,0,3,1,0,0,0,0,0,0,0,0,0,0
2032360,April_SB04_#10.png,April,10,SB4,10,100,0,0,0,3,1,0,0,0,0,19,23,0,3,0,0,0,0,0,12,0,0,0,0,0,0,0,2,1,0,2,0,0,18,0,1,0,0,0,0,0,0,0,0,10,0,0,0,0,0,0,0,0,2,0,0,0,0,0,0,3,0,0
2032369,April_SB04_#1.png,April,10,SB4,1,100,0,0,50,0,0,0,0,0,0,8,9,0,0,0,0,0,0,0,0,0,0,0,0,2,0,0,1,0,0,1,0,0,13,0,0,0,0,0,0,4,0,0,0,4,0,0,0,0,0,0,0,0,0,0,0,0,0,0,0,8,0,0
2032368,April_SB04_#2.png,April,10,SB4,2,100,0,0,23,0,0,0,0,0,0,22,9,0,0,0,0,0,0,0,0,0,0,0,0,1,0,0,0,0,0,2,0,1,23,0,0,0,0,0,2,4,0,0,0,7,0,0,0,0,0,0,0,0,0,0,0,0,0,0,0,6,0,0
2032367,April_SB04_#3.png,April,10,SB4,3,100,0,0,18,0,0,0,0,0,0,11,3,0,0,0,0,7,22,0,0,1,3,0,0,1,0,0,1,0,0,1,0,1,19,0,0,0,0,0,0,0,0,0,0,7,0,0,0,0,0,0,0,0,0,0,0,0,0,0,1,4,0,0
2032366,April_SB04_#4.png,April,10,SB4,4,100,0,0,76,0,0,0,0,0,0,0,0,0,0,0,0,0,0,0,0,1,4,0,0,1,0,0,0,0,0,1,0,0,1,0,0,0,0,0,7,1,0,0,0,4,0,0,0,0,0,0,0,0,0,0,0,0,0,0,2,2,0,0
2032365,April_SB04_#5.png,April,10,SB4,5,100,0,0,41,0,0,0,0,0,0,2,0,0,0,0,0,0,0,0,15,0,1,0,0,0,0,0,0,0,0,4,0,0,19,0,0,0,0,0,1,0,0,0,0,16,0,1,0,0,0,0,0,0,0,0,0,0,0,0,0,0,0,0
2032364,April_SB04_#6.png,April,10,SB4,6,100,0,0,0,0,0,1,0,0,0,14,2,0,0,0,0,35,12,0,0,12,0,0,0,0,0,0,1,0,0,1,0,0,11,0,0,0,0,0,0,0,0,0,0,7,0,0,0,0,0,0,0,0,0,0,0,0,0,0,0,4,0,0
2032363,April_SB04_#7.png,April,10,SB4,7,100,0,0,0,0,0,0,0,0,0,0,0,0,4,0,0,36,10,0,0,1,1,0,0,0,0,0,2,0,0,1,0,1,9,0,0,0,0,1,27,1,0,0,0,4,0,0,0,0,0,0,0,0,0,0,0,0,0,0,1,1,0,0
2032362,April_SB04_#8.png,April,10,SB4,8,100,0,0,0,0,0,0,0,0,0,0,0,16,0,0,0,2,6,0,0,0,0,0,0,0,0,0,0,3,0,2,0,0,20,0,0,0,2,0,39,0,0,0,0,6,0,0,0,0,0,0,0,0,2,0,0,0,0,0,0,2,0,0
2032361,April_SB04_#9.png,April,10,SB4,9,100,0,0,0,1,0,0,0,0,0,1,0,4,7,0,0,24,1,0,0,0,1,0,0,0,0,0,2,0,0,5,0,1,27,0,0,0,0,0,10,1,0,0,0,4,0,1,2,0,0,0,0,0,3,0,0,0,0,0,0,5,0,0
2032350,April_SB05_#10.png,April,11,SB5,10,100,0,20,1,0,0,0,0,0,0,0,7,0,0,0,0,0,0,0,55,0,2,0,0,0,0,0,0,0,0,1,0,0,14,0,0,0,0,0,0,0,0,0,0,0,0,0,0,0,0,0,0,0,0,0,0,0,0,0,0,0,0,0
2032359,April_SB05_#1.png,April,11,SB5,1,100,0,0,0,0,0,0,0,0,0,0,14,0,0,0,0,0,0,0,8,1,0,0,0,0,0,0,0,0,0,2,0,10,9,0,0,0,0,0,50,3,0,0,0,0,0,1,0,0,0,0,0,0,0,0,0,0,0,0,1,1,0,0
2032358,April_SB05_#2.png,April,11,SB5,2,100,0,0,0,0,0,0,0,0,0,0,0,0,0,0,0,52,0,0,0,0,1,0,0,0,0,0,0,0,0,0,0,6,29,0,0,0,1,0,0,0,0,0,0,0,0,0,0,0,0,0,10,0,0,0,0,0,0,0,0,1,0,0
2032357,April_SB05_#3.png,April,11,SB5,3,100,0,0,0,0,0,0,0,0,0,1,33,0,3,0,0,1,5,0,0,2,0,0,0,1,0,0,12,0,0,2,0,1,22,0,0,0,0,0,0,8,0,0,0,1,0,0,0,0,0,0,0,0,1,0,0,2,0,0,4,1,0,0
2032356,April_SB05_#4.png,April,11,SB5,4,100,0,27,0,0,0,0,0,0,0,10,56,0,0,0,0,0,0,0,0,0,0,0,0,0,0,0,0,2,0,0,0,0,2,0,0,0,0,0,0,0,0,0,0,0,0,0,0,0,0,0,0,0,0,0,0,0,0,0,2,1,0,0
2032355,April_SB05_#5.png,April,11,SB5,5,100,0,76,0,0,0,0,0,0,0,0,0,0,0,0,0,0,0,0,0,0,1,0,0,0,0,0,0,1,0,1,0,0,18,0,0,0,0,0,0,0,0,0,0,0,0,0,0,0,0,0,0,1,0,0,0,0,0,0,1,1,0,0
2032354,April_SB05_#6.png,April,11,SB5,6,100,0,1,0,0,0,0,0,0,0,12,48,0,0,0,0,0,0,0,2,1,1,0,0,1,0,0,1,0,0,2,0,0,16,0,0,0,0,0,0,3,0,0,0,2,0,0,0,0,0,0,0,0,1,0,0,0,0,0,1,7,0,1
2032353,April_SB05_#7.png,April,11,SB5,7,100,0,0,0,2,0,0,0,0,0,0,0,0,0,2,1,0,3,0,15,0,1,0,0,1,0,0,3,0,0,0,0,0,50,0,0,0,0,0,0,0,0,0,0,12,0,4,0,0,0,0,0,0,1,0,0,0,0,0,0,5,0,0
2032352,April_SB05_#8.png,April,11,SB5,8,100,0,0,0,1,0,0,0,0,0,0,0,0,8,0,0,35,1,0,4,0,3,0,0,0,0,0,0,0,0,0,0,1,34,0,0,0,0,0,0,0,0,0,0,7,0,3,0,0,0,0,2,0,0,0,0,0,0,0,0,1,0,0
2032351,April_SB05_#9.png,April,11,SB5,9,100,0,0,0,0,0,0,0,0,0,31,33,0,0,0,0,27,4,0,2,0,0,0,0,0,0,0,0,0,0,0,0,0,3,0,0,0,0,0,0,0,0,0,0,0,0,0,0,0,0,0,0,0,0,0,0,0,0,0,0,0,0,0
2032340,April_SB06_#10.png,April,11,SB5,10,100,0,17,0,0,0,0,0,0,0,3,21,0,0,0,0,0,0,0,0,0,0,0,0,0,0,0,4,0,0,11,0,0,14,0,0,0,0,0,0,1,0,0,0,29,0,0,0,0,0,0,0,0,0,0,0,0,0,0,0,0,0,0
2032349,April_SB06_#1.png,April,12,SB6,1,100,0,10,0,0,0,1,0,0,0,7,14,7,0,0,0,0,1,0,0,0,0,0,0,0,0,0,12,5,0,1,1,0,16,0,0,0,0,0,0,0,0,0,0,20,0,1,0,0,0,0,3,0,0,0,0,0,0,0,0,1,0,0
2032348,April_SB06_#2.png,April,12,SB6,2,100,0,0,0,0,0,3,0,0,0,3,11,0,0,0,0,0,0,0,0,0,0,0,0,0,0,12,8,0,0,8,3,0,13,0,0,0,0,3,0,0,0,0,0,31,0,4,0,0,0,0,0,0,0,0,0,0,0,0,0,1,0,0
2032347,April_SB06_#3.png,April,12,SB6,3,100,0,0,0,0,0,0,0,0,0,3,40,12,0,0,0,0,0,0,0,0,2,0,0,1,0,0,3,0,0,1,0,0,11,0,1,0,0,0,0,0,0,0,0,26,0,0,0,0,0,0,0,0,0,0,0,0,0,0,0,0,0,0
2032346,April_SB06_#4.png,April,12,SB6,4,100,0,0,0,0,0,0,0,0,0,2,88,0,0,0,0,0,0,0,0,0,0,0,0,0,0,0,0,0,0,0,0,0,3,0,0,0,0,0,0,0,0,0,0,6,0,0,0,0,0,0,0,0,0,0,0,0,0,0,1,0,0,0
2032345,April_SB06_#5.png,April,12,SB6,5,100,0,0,0,0,0,0,0,0,0,15,16,0,11,0,0,0,0,0,0,0,0,0,0,0,0,2,13,0,0,4,0,0,14,0,0,0,0,2,1,1,0,0,0,17,0,0,0,0,0,0,2,2,0,0,0,0,0,0,0,0,0,0
2032343,April_SB06_#6.png,April,12,SB6,6,100,0,0,0,0,0,0,0,0,0,2,33,0,0,0,0,0,0,0,0,0,1,0,0,0,0,0,8,0,0,1,2,0,19,0,0,0,1,0,0,0,0,0,0,29,0,0,0,0,0,0,1,0,0,0,0,0,0,0,0,2,0,1
2032344,April_SB06_#7.png,April,12,SB6,7,100,0,0,0,0,0,0,0,0,0,1,48,0,0,0,0,0,1,0,5,0,2,0,0,0,0,2,2,0,0,0,0,0,12,0,1,0,0,0,0,1,0,0,0,17,0,2,0,0,0,0,4,1,0,0,0,0,0,0,0,1,0,0
2032342,April_SB06_#8.png,April,12,SB6,8,100,0,1,0,0,0,1,0,0,0,3,8,0,0,0,0,0,0,0,0,0,0,0,0,0,0,0,0,0,0,6,0,0,22,0,2,0,0,0,1,0,0,0,0,51,0,0,0,0,0,0,0,0,0,0,0,0,0,0,0,5,0,0
2032341,April_SB06_#9.png,April,12,SB6,9,100,0,1,0,0,1,0,0,0,0,4,7,0,0,0,0,0,0,0,0,0,0,0,0,0,0,0,5,0,0,2,1,0,25,0,1,0,0,2,0,0,0,0,0,40,0,0,0,1,0,0,1,0,0,0,0,0,0,0,4,5,0,0
1964308,EB0_#10.jpg,Dec,13,EB0,10,100,0,16,0,0,0,0,0,0,0,18,0,0,0,1,0,0,0,0,0,0,0,0,0,0,0,0,6,0,0,23,0,0,12,0,0,5,0,0,0,1,0,0,0,0,2,2,0,0,0,0,7,0,0,0,0,0,0,0,0,7,0,0
1964273,EB0_#1.jpg,Dec,13,EB0,1,100,0,99,1,0,0,0,0,0,0,0,0,0,0,0,0,0,0,0,0,0,0,0,0,0,0,0,0,0,0,0,0,0,0,0,0,0,0,0,0,0,0,0,0,0,0,0,0,0,0,0,0,0,0,0,0,0,0,0,0,0,0,0
1911924,EB02_#10.png,Dec,14,EB2,10,100,65,0,0,0,0,0,0,0,0,0,0,0,0,0,0,0,0,0,0,0,0,0,0,0,0,0,0,2,0,6,0,2,2,1,0,0,0,0,0,1,0,0,0,0,0,7,0,0,0,0,3,2,0,0,0,0,0,0,0,9,0,0
1911933,EB02_#1.png,Dec,14,EB2,1,100,2,0,0,0,45,0,0,0,0,0,0,0,0,0,0,0,0,0,0,0,0,0,0,0,0,0,0,2,0,33,0,3,3,0,0,0,0,0,0,0,0,0,0,1,0,1,0,0,0,0,0,0,1,0,0,0,0,0,0,8,0,1
1911932,EB02_#2.png,Dec,14,EB2,2,100,0,0,0,0,0,0,0,0,0,23,19,0,0,0,1,0,0,0,0,0,0,0,0,0,0,0,7,2,0,25,0,4,7,0,0,0,0,0,0,0,0,0,0,0,0,5,0,0,0,0,0,0,0,0,0,0,0,0,0,7,0,0
1911931,EB02_#3.png,Dec,14,EB2,3,100,0,0,0,0,0,0,0,0,0,18,7,0,1,0,0,0,0,0,0,0,0,0,0,0,0,0,19,0,0,35,0,3,7,0,0,4,0,0,0,2,0,0,0,0,0,2,0,0,0,0,0,0,0,0,0,0,0,0,0,2,0,0
1911930,EB02_#4.png,Dec,14,EB2,4,100,0,0,0,0,0,0,0,0,0,0,12,0,0,0,0,0,0,0,0,0,0,0,0,0,0,0,16,1,0,53,0,2,10,0,0,0,0,0,0,0,0,0,0,0,0,2,0,0,0,0,0,0,0,0,0,0,0,0,0,4,0,0
1911929,EB02_#5.png,Dec,14,EB2,5,100,0,1,0,0,0,0,0,0,0,22,0,0,0,0,0,0,0,0,5,0,0,0,0,0,0,0,11,0,0,21,0,1,10,0,0,2,5,7,0,0,0,0,0,0,0,11,0,0,0,0,0,0,0,0,0,0,0,0,0,4,0,0
1911928,EB02_#6.png,Dec,14,EB2,6,100,1,0,0,0,0,0,0,0,0,29,39,0,0,0,0,0,0,0,0,0,0,0,0,0,0,0,4,0,0,11,0,1,10,0,0,1,0,0,0,0,0,0,0,0,0,1,0,0,0,0,0,0,0,0,0,0,0,0,0,3,0,0
1911927,EB02_#7.png,Dec,14,EB2,7,100,0,0,0,0,0,0,0,0,0,0,6,0,0,0,1,0,0,0,0,0,0,0,0,0,0,0,15,0,0,42,0,8,16,0,0,0,0,0,0,2,0,0,0,0,0,3,0,0,0,0,0,0,0,0,0,0,0,0,0,6,0,1
1911926,EB02_#8.png,Dec,14,EB2,8,100,8,0,0,0,0,0,0,0,0,30,2,0,0,0,0,0,0,0,0,0,0,0,0,0,0,0,5,1,0,21,0,0,11,0,0,0,0,0,0,0,0,0,0,0,0,8,1,2,0,0,0,0,3,0,0,0,0,0,0,4,0,4
1911925,EB02_#9.png,Dec,14,EB2,9,100,51,0,0,0,0,0,0,0,0,0,0,0,0,0,0,0,0,0,0,0,0,0,0,1,0,0,0,3,0,7,0,2,16,0,0,3,0,1,0,3,0,0,0,0,0,3,0,0,0,0,0,0,2,0,0,0,0,0,1,7,0,0
1964280,EB0_#2.jpg,Dec,13,EB0,2,100,0,76,0,0,0,0,0,0,0,0,0,0,0,0,0,0,0,0,0,0,0,0,0,0,0,0,0,0,0,2,0,0,7,0,0,0,0,1,0,2,0,0,0,0,0,3,2,0,0,0,0,0,0,0,0,0,0,0,0,7,0,0
1964279,EB0_#3.jpg,Dec,13,EB0,3,100,0,1,0,0,17,0,0,0,0,0,0,0,0,1,0,0,0,0,0,0,0,6,0,0,0,0,9,0,0,12,0,0,22,0,1,3,0,1,0,0,0,0,0,0,0,13,0,1,0,0,0,2,1,0,0,0,0,0,0,10,0,0
1964278,EB0_#4.jpg,Dec,13,EB0,4,100,0,5,0,0,9,0,0,0,0,0,0,0,0,0,0,0,0,0,0,0,0,4,0,0,0,0,7,0,0,17,0,1,24,0,1,2,2,0,0,0,0,0,0,0,0,10,1,0,0,0,0,2,0,0,0,0,0,0,0,14,0,1
1964281,EB05_#10.jpg,Dec,15,EB5,10,100,0,3,0,0,0,0,0,0,0,0,0,0,0,0,0,0,0,0,0,0,0,0,0,1,0,0,17,1,0,21,0,1,34,0,6,0,0,0,0,6,0,0,0,0,0,3,0,0,0,0,0,0,1,0,0,0,0,0,0,6,0,0
1964290,EB05_#1.jpg,Dec,15,EB5,1,100,0,0,0,0,0,0,0,0,0,0,7,0,0,0,0,0,1,0,0,0,1,0,0,0,0,0,16,0,0,20,0,0,20,0,0,5,0,0,0,0,0,0,0,1,4,15,1,0,0,0,1,0,1,0,0,0,0,0,0,5,0,2
1964289,EB05_#2.jpg,Dec,15,EB5,2,100,0,0,0,0,0,0,0,0,0,14,1,0,1,0,0,0,0,0,0,0,0,0,0,0,0,0,14,0,0,21,0,0,23,0,0,4,0,0,0,0,0,0,0,0,3,3,0,0,0,0,9,2,1,0,0,0,0,0,0,4,0,0
1964288,EB05_#3.jpg,Dec,15,EB5,3,100,2,5,0,0,0,0,0,0,0,0,4,0,0,0,0,0,0,0,0,0,0,0,0,0,0,0,4,0,0,16,0,0,28,0,1,7,0,2,0,0,0,0,0,1,1,11,3,0,0,0,7,0,0,0,0,0,0,0,1,7,0,0
1964287,EB05_#4.jpg,Dec,15,EB5,4,100,0,23,0,0,0,0,0,0,0,0,0,0,0,0,0,0,0,0,0,0,0,0,0,0,0,0,9,0,1,13,0,0,17,0,3,1,0,0,1,5,0,0,0,0,0,9,1,0,0,0,0,2,1,0,0,0,0,0,0,14,0,0
1964286,EB05_#5.jpg,Dec,15,EB5,5,100,0,3,0,0,0,0,0,0,0,2,0,0,0,0,0,0,0,0,0,0,0,0,0,1,0,1,21,0,0,5,0,1,18,0,1,8,0,2,1,4,0,0,0,0,0,14,5,0,0,0,1,2,3,0,0,0,0,0,0,7,0,0
1964285,EB05_#6.jpg,Dec,15,EB5,6,100,0,0,0,0,35,0,0,0,0,0,0,0,0,0,0,0,0,0,0,0,0,0,0,1,0,0,17,2,0,3,0,0,18,0,0,8,2,0,0,1,0,0,0,0,0,9,0,0,0,0,0,1,0,0,0,0,0,0,0,2,0,1
1964284,EB05_#7.jpg,Dec,15,EB5,7,100,0,0,0,0,0,0,0,0,0,0,0,0,0,0,0,0,0,6,0,0,0,0,0,0,0,0,23,0,0,8,0,1,23,0,0,0,4,0,0,1,0,0,0,0,0,13,5,3,0,0,1,5,0,0,0,0,0,0,0,7,0,0
1964283,EB05_#8.jpg,Dec,15,EB5,8,100,3,0,0,0,0,0,0,0,0,0,0,0,0,0,0,0,0,0,0,0,0,0,0,0,0,0,9,0,0,5,0,1,44,0,9,1,0,3,0,2,0,0,2,0,0,4,0,0,0,0,0,3,0,0,0,0,0,0,4,10,0,0
1964282,EB05_#9.jpg,Dec,15,EB5,9,100,0,1,3,0,0,0,0,0,0,0,0,0,0,0,0,0,0,0,0,0,0,0,0,0,0,0,11,0,0,16,0,5,39,0,6,0,0,0,0,4,0,0,0,1,0,4,0,0,0,0,0,0,1,0,0,0,0,0,0,9,0,0
1964277,EB0_#5.jpg,Dec,13,EB0,5,100,0,1,0,0,5,0,0,0,0,0,25,0,0,0,0,0,0,0,0,0,0,0,0,0,0,0,1,0,0,3,0,2,5,0,1,36,0,0,3,2,0,0,0,0,0,4,3,0,0,0,4,0,0,0,0,0,0,0,0,5,0,0
1911742,EB06_#10.png,Dec,16,EB6,10,100,0,0,0,0,0,0,0,0,0,0,0,8,2,0,0,0,0,0,0,0,9,0,0,0,1,11,10,0,0,17,0,4,18,0,1,8,1,0,0,0,0,0,0,0,0,0,0,0,0,0,1,0,0,0,0,0,0,0,0,9,0,0
1911733,EB06_#1.png,Dec,16,EB6,1,100,0,0,0,0,0,0,0,0,0,4,11,0,0,0,0,0,0,0,0,0,0,0,0,0,0,4,6,0,0,19,0,0,32,0,0,8,2,1,0,0,0,0,0,1,0,0,0,3,0,0,0,2,0,0,0,0,0,0,0,5,0,2
1911734,EB06_#2.png,Dec,16,EB6,2,100,0,0,0,0,0,0,0,0,0,0,0,0,0,0,0,0,0,0,0,0,0,0,0,0,0,88,0,0,0,1,0,0,0,0,0,0,1,4,1,0,0,0,0,0,5,0,0,0,0,0,0,0,0,0,0,0,0,0,0,0,0,0
1911735,EB06_#3.png,Dec,16,EB6,3,100,0,0,0,0,0,0,0,0,0,18,20,0,0,0,0,0,1,0,0,0,0,0,0,0,0,26,7,0,0,3,0,0,10,3,3,3,1,1,1,0,0,0,0,0,1,1,0,0,0,0,0,1,0,0,0,0,0,0,0,0,0,0
1911736,EB06_#4.png,Dec,16,EB6,4,100,0,0,0,0,0,0,0,0,0,0,0,0,0,0,0,0,0,0,0,0,0,0,0,0,0,54,1,0,0,12,0,0,0,0,0,0,0,30,3,0,0,0,0,0,0,0,0,0,0,0,0,0,0,0,0,0,0,0,0,0,0,0
1911737,EB06_#5.png,Dec,16,EB6,5,100,0,0,0,0,0,0,0,0,0,0,0,0,0,0,0,0,0,0,0,0,0,0,0,0,0,77,0,0,0,4,0,0,2,0,0,0,0,0,0,0,0,0,0,0,0,4,1,1,0,0,2,4,0,0,0,0,0,0,0,5,0,0
1911738,EB06_#6.png,Dec,16,EB6,6,100,0,0,0,0,1,0,0,0,0,0,0,0,0,0,0,0,0,0,0,0,0,5,1,0,0,0,25,2,0,16,0,6,26,0,2,1,0,2,0,0,0,0,0,0,0,0,0,1,0,0,0,0,0,0,0,0,0,0,0,12,0,0
1911739,EB06_#7.png,Dec,16,EB6,7,100,0,0,0,0,0,0,0,0,0,0,0,0,0,0,0,0,0,0,0,0,10,0,0,0,0,35,11,0,0,26,0,0,7,0,0,7,0,0,0,0,0,0,0,0,0,1,0,1,0,0,0,0,0,0,0,0,0,0,0,2,0,0
1911740,EB06_#8.png,Dec,16,EB6,8,100,0,2,33,0,0,0,0,0,0,0,0,0,7,1,0,0,0,0,3,0,0,0,0,0,0,1,4,5,0,22,0,4,12,0,0,0,0,0,0,0,0,0,0,0,0,1,0,0,0,0,0,0,0,0,0,0,0,0,0,5,0,0
1911741,EB06_#9.png,Dec,16,EB6,9,100,0,0,0,0,1,0,0,0,0,9,0,0,0,0,0,0,0,0,0,0,0,0,0,0,0,0,4,0,0,49,0,1,18,0,0,12,0,1,0,0,0,0,0,0,1,0,0,0,0,0,0,0,0,0,0,0,0,0,0,4,0,0
1964276,EB0_#6.jpg,Dec,13,EB0,6,100,0,13,15,0,0,0,0,0,0,0,2,0,0,0,0,0,0,0,0,0,0,0,0,1,0,0,10,0,0,14,0,0,11,0,1,13,0,0,0,1,0,0,0,0,1,1,0,0,0,0,4,1,0,0,0,0,0,0,0,12,0,0
1911863,EB07_#1.png,Dec,17,EB7,1,100,10,0,0,0,0,0,0,0,0,0,0,0,0,0,0,0,0,0,0,0,0,0,0,0,0,0,8,0,0,21,0,0,29,0,1,0,15,0,0,0,0,0,0,0,0,1,0,0,0,0,0,0,0,0,0,0,0,0,0,15,0,0
1964356,EB07_#2.png,Dec,17,EB7,2,100,25,7,0,0,0,0,0,0,0,0,0,0,0,0,0,0,0,0,0,0,0,0,0,1,0,25,3,0,0,9,0,2,22,0,3,0,0,0,0,0,0,0,0,2,0,0,0,0,0,0,0,0,0,0,0,0,0,0,0,1,0,0
1964355,EB07_#3.png,Dec,17,EB7,3,100,0,0,0,0,0,0,0,0,0,0,0,0,25,0,0,0,0,0,0,0,0,0,0,0,0,3,29,0,0,6,0,5,25,0,0,1,0,0,0,0,0,0,0,0,1,3,0,0,0,0,0,1,0,0,0,0,0,0,0,1,0,0
1964354,EB07_#4.png,Dec,17,EB7,4,100,0,0,0,0,0,0,0,0,0,5,23,0,0,0,0,0,0,0,0,0,0,0,0,0,0,7,17,0,0,7,0,11,26,0,0,0,0,0,0,1,0,0,0,0,0,0,0,0,0,0,1,2,0,0,0,0,0,0,0,0,0,0
1964353,EB07_#5.png,Dec,17,EB7,5,100,0,0,0,0,0,0,0,0,0,4,6,6,0,0,0,0,0,0,4,0,0,0,0,0,0,4,21,0,0,22,0,0,19,0,0,1,0,0,0,0,0,0,0,0,0,7,3,0,0,0,1,0,0,0,0,0,0,0,0,2,0,0
1964352,EB07_#6.png,Dec,17,EB7,6,100,0,0,0,0,0,0,0,0,0,19,4,0,0,0,0,0,0,0,0,0,0,0,0,0,0,0,17,1,0,4,0,1,19,2,2,2,0,0,0,1,0,1,0,1,0,7,0,0,0,0,13,3,0,0,0,0,0,0,0,2,0,1
1964351,EB07_#7.png,Dec,17,EB7,7,100,0,0,0,0,0,0,0,0,0,0,0,0,0,0,0,0,0,0,0,0,3,0,0,0,0,78,0,0,0,3,0,4,3,2,1,0,1,0,0,0,0,0,0,0,0,4,1,0,0,0,0,0,0,0,0,0,0,0,0,0,0,0
1964350,EB07_#8.png,Dec,17,EB7,8,100,0,0,0,0,0,0,0,0,0,5,29,0,0,0,0,0,0,0,0,0,0,0,0,2,0,1,6,0,0,3,0,9,12,0,0,0,1,0,1,4,0,0,0,5,0,13,1,0,0,0,6,1,0,0,0,0,0,0,0,1,0,0
1964275,EB0_#7.jpg,Dec,13,EB0,7,100,0,12,11,0,0,0,0,0,0,1,18,0,0,0,0,0,0,0,0,0,0,0,0,0,0,0,2,0,0,5,0,0,22,0,7,3,2,0,0,1,0,0,0,0,0,4,3,0,0,0,1,0,0,0,0,0,0,0,0,8,0,0
1964307,EB0_#8.jpg,Dec,13,EB0,8,100,0,7,45,0,0,0,0,0,0,0,7,0,0,0,0,0,0,0,0,0,0,0,0,0,0,0,1,1,0,5,0,0,14,0,0,5,0,0,0,0,0,0,0,0,0,0,0,0,0,0,0,0,0,0,0,0,0,0,0,15,0,0
1964274,EB0_#9.jpg,Dec,13,EB0,9,100,0,26,0,0,0,0,0,0,0,0,2,0,0,0,0,0,0,0,0,0,0,0,0,0,0,0,5,0,0,17,0,0,15,0,0,18,0,0,0,3,0,0,0,1,0,1,0,0,0,0,4,0,0,0,0,0,0,0,1,7,0,0
1964336,EB11_#10.png,Dec,18,EB11,10,100,0,0,0,0,1,0,0,0,0,0,0,0,0,0,0,0,0,0,0,0,0,0,0,2,0,0,25,0,0,28,0,5,17,0,0,2,1,0,0,2,0,0,0,3,0,4,0,7,0,0,3,0,0,0,0,0,0,0,0,0,0,0
1964335,EB11_#1.png,Dec,18,EB11,1,100,0,0,10,0,0,0,0,0,0,1,2,0,0,0,0,0,0,0,0,2,0,0,0,0,0,0,3,0,0,18,0,0,39,0,0,0,0,0,0,2,0,0,1,0,5,5,0,1,0,0,1,1,1,0,0,0,0,0,0,4,0,4
1964347,EB11_#2.png,Dec,18,EB11,2,100,0,0,2,0,0,0,0,0,0,1,0,0,0,0,0,0,0,0,0,1,0,0,0,0,0,0,13,0,0,30,0,3,23,0,1,4,0,0,0,3,0,0,5,0,0,2,1,0,0,0,5,1,0,0,0,0,0,0,0,5,0,0
1964346,EB11_#3.png,Dec,18,EB11,3,100,0,0,0,0,0,0,0,0,0,0,0,0,0,0,0,0,0,0,0,0,0,0,0,1,0,0,13,0,0,19,0,0,33,0,1,4,1,0,0,0,0,1,0,1,3,4,0,0,0,0,11,0,0,0,0,0,0,0,0,7,0,1
1964345,EB11_#4.png,Dec,18,EB11,4,100,0,0,0,0,0,0,0,0,0,3,18,0,0,0,0,10,0,0,0,0,0,0,0,0,0,0,1,0,0,37,0,0,23,0,1,1,0,0,0,0,0,0,0,1,2,2,1,0,0,0,0,0,0,0,0,0,0,0,0,0,0,0
1964344,EB11_#5.png,Dec,18,EB11,5,100,0,1,0,0,0,0,0,0,0,0,0,13,2,0,0,0,0,0,0,0,0,0,0,0,0,0,5,0,1,20,0,4,22,0,5,0,2,0,0,5,0,0,0,2,0,6,0,0,0,0,5,3,3,0,0,0,0,0,0,1,0,0
1964343,EB11_#6.png,Dec,18,EB11,6,100,0,1,0,0,0,0,0,0,0,0,0,0,0,0,0,0,0,0,47,0,0,0,0,0,0,0,1,0,1,12,0,0,26,0,1,4,0,0,0,0,0,0,0,1,0,3,0,0,0,0,1,0,1,0,0,0,0,0,0,0,0,1
1964342,EB11_#7.png,Dec,18,EB11,7,100,0,0,0,0,0,0,0,0,0,0,14,0,0,0,0,0,0,0,0,0,0,0,0,0,0,0,3,0,0,37,0,0,27,0,1,8,0,0,0,1,0,0,0,0,0,0,0,5,0,0,1,0,0,0,0,0,0,0,0,3,0,0
1964339,EB11_#8.png,Dec,18,EB11,8,100,0,0,0,0,0,0,0,0,0,0,23,3,0,0,0,0,0,0,0,0,0,0,0,0,0,0,11,0,0,26,0,6,16,0,0,1,0,0,0,2,0,0,0,1,0,8,1,0,0,0,2,0,0,0,0,0,0,0,0,0,0,0
1964338,EB11_#9.png,Dec,18,EB11,9,100,0,0,0,0,0,0,0,0,0,3,1,0,0,0,0,0,0,0,0,0,0,0,0,0,0,0,3,2,1,41,0,4,21,0,3,4,0,0,0,8,0,0,0,1,0,2,0,0,0,0,1,0,0,0,0,0,0,0,0,5,0,0
1911914,SB01_#10.png,Dec,18,SB1,10,100,0,2,0,0,0,0,0,0,0,0,0,0,0,0,0,0,0,0,0,1,0,0,0,0,0,0,20,0,0,35,0,0,23,0,0,0,0,0,0,0,0,0,0,0,0,0,0,0,0,0,0,0,0,0,0,0,0,0,0,19,0,0
1911923,SB01_#1.png,Dec,19,SB1,1,100,0,0,0,3,0,0,0,0,0,1,28,0,0,0,0,0,5,0,0,0,0,0,0,0,0,1,5,0,0,27,0,3,11,0,0,1,0,0,0,0,0,0,0,0,0,0,0,0,0,0,8,0,0,0,0,0,0,2,0,5,0,0
1911922,SB01_#2.png,Dec,19,SB1,2,100,0,0,0,0,0,0,0,0,0,0,0,4,0,0,0,0,8,0,0,0,0,0,0,0,0,0,6,0,0,43,0,1,20,0,0,4,3,0,0,0,0,0,0,0,0,2,2,0,0,1,1,0,0,0,0,0,0,0,0,5,0,0
1911921,SB01_#3.png,Dec,19,SB1,3,100,0,0,0,0,0,0,0,0,0,38,0,0,0,0,0,0,0,0,0,0,0,0,0,0,0,0,2,0,0,29,0,3,10,0,0,0,0,0,0,4,0,0,0,0,0,1,0,3,1,0,0,3,0,0,0,0,0,0,0,6,0,0
1911920,SB01_#4.png,Dec,19,SB1,4,100,0,0,0,0,0,1,0,0,0,10,10,0,0,0,0,0,0,0,0,0,0,0,0,0,0,0,1,0,0,17,0,2,18,0,0,7,2,0,0,3,0,0,0,0,0,9,4,0,0,1,5,0,1,0,0,0,0,0,1,8,0,0
1911919,SB01_#5.png,Dec,19,SB1,5,100,0,0,0,0,0,0,0,0,0,24,0,0,0,0,0,0,0,0,0,0,0,0,0,0,0,0,8,0,0,28,0,0,15,2,1,2,0,3,0,2,0,0,0,0,0,6,0,0,0,0,1,2,2,0,0,0,0,0,0,4,0,0
1911918,SB01_#6.png,Dec,19,SB1,6,100,0,4,28,0,0,0,0,0,0,8,1,0,0,6,0,0,0,0,1,0,0,0,0,0,0,0,4,1,0,26,0,3,8,0,0,0,0,0,0,0,0,0,0,0,0,2,0,0,0,0,2,0,0,0,0,0,0,0,0,6,0,0
1911917,SB01_#7.png,Dec,19,SB1,7,100,0,21,1,0,0,0,0,0,0,1,1,0,0,0,0,0,3,0,0,0,0,0,0,0,0,0,3,2,0,41,0,2,18,0,1,2,0,0,0,1,0,0,0,0,0,0,0,0,0,0,0,0,0,0,0,0,0,0,0,3,0,0
1911916,SB01_#8.png,Dec,19,SB1,8,100,0,6,0,0,0,0,0,0,0,0,14,0,0,0,0,0,0,0,0,1,0,0,0,0,0,0,6,2,0,36,3,0,18,0,1,2,1,0,0,3,0,0,1,0,0,2,0,0,0,0,0,0,0,0,0,0,0,0,0,4,0,0
1911915,SB01_#9.png,Dec,19,SB1,9,100,0,31,7,0,0,0,0,0,0,0,0,0,0,0,0,0,0,0,0,0,0,0,0,0,0,0,7,0,0,22,0,0,17,0,0,0,0,0,0,0,0,0,0,0,0,0,0,1,0,0,1,0,0,0,0,0,0,0,0,14,0,0
1911904,SB02_#10.png,Dec,19,SB2,10,100,0,3,4,0,0,0,0,0,0,8,16,0,0,0,0,4,7,0,0,0,0,0,0,0,0,0,1,0,0,3,0,7,33,0,0,0,0,0,0,0,0,0,0,0,0,0,0,0,0,0,2,0,0,0,0,0,0,0,0,12,0,0
1911913,SB02_#1.png,Dec,20,SB2,1,100,0,0,100,0,0,0,0,0,0,0,0,0,0,0,0,0,0,0,0,0,0,0,0,0,0,0,0,0,0,0,0,0,0,0,0,0,0,0,0,0,0,0,0,0,0,0,0,0,0,0,0,0,0,0,0,0,0,0,0,0,0,0
1911912,SB02_#2.png,Dec,20,SB2,2,100,0,0,90,0,0,0,0,0,0,0,0,0,0,0,0,0,0,0,0,0,0,0,0,0,0,0,0,0,0,0,0,1,0,0,0,0,0,0,2,0,0,0,0,0,0,0,0,1,0,0,0,0,0,0,0,0,0,0,0,6,0,0
1911911,SB02_#3.png,Dec,20,SB2,3,100,0,9,56,0,0,0,0,0,0,0,0,0,0,1,0,0,0,0,0,0,0,0,0,0,0,0,0,0,0,17,0,0,12,0,0,0,0,0,0,0,0,0,0,0,1,2,0,0,0,0,0,0,0,0,0,0,0,0,0,2,0,0
1911910,SB02_#4.png,Dec,20,SB2,4,100,0,0,0,0,1,0,0,0,0,0,0,0,0,0,0,0,0,0,0,0,0,0,0,0,0,0,8,0,0,35,0,0,19,0,6,7,0,0,2,2,0,0,1,0,1,12,1,0,0,0,1,0,0,0,0,0,0,0,1,3,0,0
1911909,SB02_#5.png,Dec,20,SB2,5,100,0,28,5,0,0,0,0,0,0,0,0,0,0,0,0,0,0,0,0,2,1,0,0,0,0,0,3,0,0,15,0,2,25,0,0,0,1,0,0,0,0,0,0,0,0,1,0,0,0,0,2,0,0,0,0,0,0,0,0,15,0,0
1911908,SB02_#6.png,Dec,20,SB2,6,100,0,0,75,0,0,0,0,0,0,0,0,0,0,0,0,0,0,0,0,0,0,0,0,0,0,0,1,0,0,15,0,4,4,0,0,0,0,0,0,0,0,0,0,0,0,0,0,0,0,0,0,0,0,0,0,0,0,0,0,1,0,0
1911907,SB02_#7.png,Dec,20,SB2,7,100,0,13,0,0,0,0,0,0,0,0,0,0,0,0,0,0,0,0,0,0,0,0,0,0,0,0,10,0,0,17,0,4,21,0,0,0,0,0,0,1,0,0,0,2,21,1,0,0,0,0,2,2,0,0,0,0,0,0,0,6,0,0
1911906,SB02_#8.png,Dec,20,SB2,8,100,0,35,0,0,0,0,0,0,0,13,0,0,0,0,0,0,0,0,0,0,0,0,0,0,0,0,3,0,0,26,0,0,14,0,0,1,0,0,1,0,0,0,0,0,0,0,0,0,0,0,1,0,0,0,0,0,0,0,0,6,0,0
1911905,SB02_#9.png,Dec,20,SB2,9,100,0,0,20,0,0,0,0,0,0,0,0,0,0,0,0,0,0,0,0,0,0,0,0,0,0,0,1,0,0,30,0,2,26,0,0,1,1,0,0,1,0,0,0,0,0,6,0,2,0,0,6,0,1,0,0,0,0,0,0,3,0,0
1911894,SB03_#10.png,Dec,20,SB2,10,100,0,0,0,0,3,0,0,0,0,0,0,0,0,0,0,0,0,0,26,0,0,0,0,1,0,0,16,2,0,4,0,5,22,0,1,1,0,0,0,0,0,0,0,0,1,9,0,0,0,0,2,1,0,0,0,0,0,0,0,6,0,0
1911903,SB03_#1.png,Dec,21,SB3,1,100,0,0,0,0,0,0,0,0,0,0,0,0,0,0,0,14,1,0,0,0,0,0,0,2,0,0,9,0,0,13,0,3,16,0,1,17,0,0,0,0,0,0,0,0,1,11,0,0,3,0,3,1,0,0,0,0,0,0,0,5,0,0
1911902,SB03_#2.png,Dec,21,SB3,2,100,0,9,12,0,0,0,0,0,0,2,0,0,0,0,0,0,0,0,0,0,0,0,0,1,11,0,5,0,0,29,0,3,16,0,0,0,0,0,1,0,0,0,0,0,0,4,0,0,0,0,3,0,0,0,0,0,0,0,0,4,0,0
1911901,SB03_#3.png,Dec,21,SB3,3,100,0,6,9,0,0,0,0,0,0,0,0,0,0,0,0,0,0,0,0,1,0,0,0,0,0,0,4,0,0,48,0,2,20,0,0,0,0,0,0,1,0,0,0,0,0,1,0,0,0,0,5,1,0,0,0,0,0,0,0,2,0,0
1911900,SB03_#4.png,Dec,21,SB3,4,100,1,14,13,0,0,0,0,0,0,0,0,0,0,0,0,0,0,0,1,0,0,0,0,0,0,0,8,0,0,42,0,3,15,0,0,0,0,0,0,0,0,0,0,0,1,0,0,0,0,0,0,0,0,0,0,0,0,0,0,2,0,0
1911899,SB03_#5.png,Dec,21,SB3,5,100,0,12,3,2,0,0,0,0,0,0,0,0,0,0,0,0,0,0,0,0,0,2,0,0,0,0,10,0,0,21,0,6,23,0,1,3,0,0,0,0,0,0,0,0,0,7,0,0,0,0,2,0,1,0,0,0,0,0,0,7,0,0
1911898,SB03_#6.png,Dec,21,SB3,6,100,0,12,2,2,1,0,0,0,0,0,0,0,0,0,0,0,0,0,0,0,0,4,0,0,0,0,9,0,0,20,0,2,28,0,1,1,0,2,0,1,0,0,0,0,0,6,0,0,0,2,4,0,0,0,0,0,0,0,0,3,0,0
1911897,SB03_#7.png,Dec,21,SB3,7,100,0,9,10,0,0,0,0,0,0,0,0,0,0,0,0,0,0,0,11,0,0,0,0,0,0,0,5,2,0,7,1,0,27,0,0,1,0,0,0,1,0,0,0,0,5,3,0,0,0,0,8,2,1,0,0,0,0,0,0,6,0,1
1911896,SB03_#8.png,Dec,21,SB3,8,100,0,0,0,0,0,16,0,0,0,0,0,0,0,0,0,0,0,0,24,0,0,0,0,0,0,0,0,10,0,9,2,5,12,0,0,0,0,0,0,3,0,0,0,0,2,2,0,0,0,0,14,0,0,0,0,0,0,0,0,1,0,0
1911895,SB03_#9.png,Dec,21,SB3,9,100,0,0,0,0,0,1,0,0,0,0,0,0,23,0,0,0,10,0,0,0,0,0,0,0,0,4,9,2,0,13,0,0,32,0,0,1,0,0,0,0,0,0,0,0,0,1,0,0,0,0,1,1,0,0,0,0,0,0,0,2,0,0
1911884,SB04_#10.png,Dec,21,SB4,10,100,0,0,0,0,0,0,0,0,0,0,0,0,0,0,0,3,55,0,5,0,0,0,0,0,0,0,2,0,0,4,0,0,22,3,0,0,0,0,0,2,0,0,0,0,0,0,0,0,0,0,0,1,3,0,0,0,0,0,0,0,0,0
1911893,SB04_#1.png,Dec,22,SB4,1,100,0,0,0,0,0,0,0,0,0,0,5,0,0,0,0,0,0,0,28,0,0,0,0,0,0,0,1,1,0,10,0,0,31,3,0,0,0,2,7,0,0,0,0,0,0,8,0,0,0,0,1,2,0,0,0,0,0,0,0,1,0,0
1911892,SB04_#2.png,Dec,22,SB4,2,100,0,0,0,1,0,0,0,0,7,0,0,0,0,0,0,0,0,0,11,0,0,0,0,1,0,0,2,1,0,5,0,2,30,0,3,0,1,0,1,1,0,0,0,0,0,25,0,0,0,0,1,0,3,0,0,0,0,0,0,5,0,0
1911891,SB04_#3.png,Dec,22,SB4,3,100,0,16,1,0,0,0,0,0,0,6,2,0,0,0,0,0,17,0,0,0,0,0,0,0,0,0,2,0,0,10,0,0,24,1,2,3,0,1,0,3,0,0,0,0,2,0,0,0,0,0,3,1,1,0,0,0,0,0,0,5,0,0
1911890,SB04_#4.png,Dec,22,SB4,4,100,0,0,0,0,0,0,0,0,0,0,0,0,0,0,0,0,0,0,0,0,1,0,0,0,0,0,19,0,0,29,0,0,20,0,0,0,0,0,0,0,0,0,0,0,21,0,0,0,0,0,6,0,1,0,0,0,0,0,0,3,0,0
1911889,SB04_#5.png,Dec,22,SB4,5,100,0,0,0,0,0,0,0,0,0,0,2,0,0,0,0,10,0,0,0,0,0,0,0,0,0,0,4,0,0,8,0,3,23,0,0,2,0,0,5,1,0,0,1,2,3,14,0,0,0,0,8,1,0,0,0,0,0,0,0,12,0,1
1911888,SB04_#6.png,Dec,22,SB4,6,100,0,9,4,0,0,0,0,0,0,0,0,0,0,0,0,31,4,0,0,0,0,0,0,0,0,0,1,0,0,3,0,0,38,0,0,0,0,0,0,0,0,0,0,0,0,0,0,0,0,0,0,0,0,0,0,0,0,0,0,10,0,0
1911887,SB04_#7.png,Dec,22,SB4,7,100,0,0,0,0,0,0,0,0,0,7,24,0,0,0,0,1,15,0,0,0,0,0,0,0,0,0,2,0,0,7,0,1,17,0,5,1,0,0,1,7,0,0,0,0,5,2,0,0,0,0,0,0,0,0,0,0,0,0,0,5,0,0
1911886,SB04_#8.png,Dec,22,SB4,8,100,0,0,0,0,0,0,0,0,0,3,41,0,0,0,0,0,0,0,33,0,0,0,0,0,0,0,2,3,0,0,0,2,7,0,1,0,1,0,1,0,0,0,0,0,1,1,1,0,0,0,0,0,0,0,0,0,0,0,0,3,0,0
1911885,SB04_#9.png,Dec,22,SB4,9,100,0,0,0,1,0,0,0,0,0,25,9,0,0,0,0,0,7,0,0,0,0,0,0,0,0,0,2,0,0,17,0,2,32,0,0,0,0,0,0,0,0,0,0,0,0,0,0,0,0,0,0,0,0,0,0,0,0,0,0,4,0,1
1911874,SB05_#10.png,Dec,22,SB5,10,100,0,0,0,0,0,0,0,0,0,0,0,0,0,0,0,24,0,0,6,0,0,0,0,0,0,0,1,6,0,1,0,2,25,1,0,0,0,0,7,0,0,0,0,1,1,22,0,0,0,0,0,2,0,0,0,0,0,0,0,1,0,0
1911883,SB05_#1.png,Dec,23,SB5,1,100,0,0,0,3,0,0,0,0,0,2,49,0,0,0,0,1,0,0,6,0,0,0,0,0,0,0,3,2,0,3,0,1,18,0,0,0,0,0,1,0,0,0,0,0,0,7,0,0,0,0,0,1,0,0,0,0,0,0,0,3,0,0
1911882,SB05_#2.png,Dec,23,SB5,2,100,0,0,0,0,0,0,0,0,0,18,23,9,0,0,0,0,0,0,0,1,2,0,0,0,0,0,0,1,0,5,0,1,17,2,5,0,0,0,0,0,0,0,0,0,0,0,0,0,0,0,0,0,0,0,0,0,0,0,0,16,0,0
1911881,SB05_#3.png,Dec,23,SB5,3,100,0,0,0,0,0,0,0,0,0,10,20,0,0,0,0,0,0,0,0,0,0,0,0,0,0,0,5,0,0,13,0,3,22,0,6,0,5,0,0,1,0,0,0,0,0,3,0,0,0,0,5,0,0,0,0,0,0,0,6,1,0,0
1911880,SB05_#4.png,Dec,23,SB5,4,100,1,0,0,0,0,0,0,0,0,23,23,6,0,0,0,0,0,0,0,0,0,0,0,0,0,0,1,0,0,13,0,0,18,0,0,0,0,0,2,0,0,0,0,1,0,1,0,0,0,0,0,6,1,0,0,0,0,0,0,4,0,0
1911879,SB05_#5.png,Dec,23,SB5,5,100,0,0,0,0,0,0,0,0,0,0,0,0,0,0,0,0,7,0,45,0,0,0,0,1,0,0,0,0,0,2,0,8,24,0,0,0,0,0,1,4,0,0,0,0,0,3,0,0,0,0,0,0,3,0,0,0,0,0,0,2,0,0
1911878,SB05_#6.png,Dec,23,SB5,6,100,0,15,0,0,0,0,0,0,0,7,4,0,0,0,0,0,0,0,11,0,0,0,0,0,0,0,5,1,0,3,0,2,36,0,0,0,0,0,0,0,0,0,0,0,1,0,0,0,0,0,0,0,0,0,0,0,0,0,0,15,0,0
1911877,SB05_#7.png,Dec,23,SB5,7,100,0,36,0,0,0,0,0,0,0,17,30,0,0,0,0,0,0,0,0,0,0,0,0,0,0,0,0,0,0,0,0,0,12,0,2,0,0,0,0,0,0,0,0,0,0,0,0,0,0,0,0,0,0,0,0,0,0,0,3,0,0,0
1911876,SB05_#8.png,Dec,23,SB5,8,100,0,39,0,0,0,0,0,0,0,17,29,0,0,0,0,0,0,0,4,0,0,0,0,0,0,0,1,3,0,0,0,0,1,0,4,0,0,0,0,0,0,0,0,0,0,1,0,0,0,0,0,0,0,0,0,0,0,0,0,1,0,0
1911875,SB05_#9.png,Dec,23,SB5,9,100,0,17,0,0,0,0,0,0,0,10,13,0,0,0,0,0,0,0,22,0,0,0,0,0,0,0,1,4,0,0,0,0,20,0,0,0,0,0,4,1,0,0,0,0,0,4,0,0,0,0,0,0,0,0,0,0,0,0,0,4,0,0
1911864,SB06_#10.png,Dec,24,SB5,10,100,0,0,0,0,0,0,0,0,0,0,0,0,0,0,0,0,4,0,0,0,1,0,0,1,0,0,9,0,0,26,0,6,18,0,0,10,0,11,4,0,0,0,0,2,0,1,0,0,0,0,4,0,0,0,0,0,0,0,0,3,0,0
1911873,SB06_#1.png,Dec,24,SB6,1,100,0,9,0,0,0,0,0,0,0,0,34,0,0,0,0,0,0,0,0,0,0,0,0,0,0,0,1,0,0,11,0,2,19,0,0,4,1,0,6,0,0,0,0,2,1,3,0,0,0,0,1,0,0,0,0,0,0,0,0,6,0,0
1911872,SB06_#2.png,Dec,24,SB6,2,100,0,1,0,0,0,0,4,0,0,4,1,0,0,0,0,0,0,0,0,0,0,0,0,1,0,0,18,0,0,28,0,5,14,0,1,3,0,1,1,1,0,1,0,0,1,14,0,0,0,0,0,0,0,0,0,0,0,0,0,1,0,0
1911871,SB06_#3.png,Dec,24,SB6,3,100,0,0,0,0,0,0,0,0,0,7,40,0,0,0,0,0,0,0,0,0,0,0,0,1,0,0,10,0,0,8,0,0,12,0,0,2,0,0,0,0,0,0,0,0,0,15,0,0,0,0,2,0,0,0,0,0,0,0,0,3,0,0
1911870,SB06_#4.png,Dec,24,SB6,4,100,0,0,0,0,0,0,0,0,0,3,12,0,0,0,0,0,0,0,0,1,0,0,0,1,0,0,3,0,7,13,0,2,25,0,0,1,3,0,0,4,0,0,0,2,3,13,0,1,0,0,0,0,1,0,0,0,0,0,0,4,0,1
1911869,SB06_#5.png,Dec,24,SB6,5,100,0,0,0,0,0,0,0,0,0,17,4,0,0,0,0,0,0,0,0,3,0,0,0,0,0,0,2,0,1,18,2,6,16,0,0,0,1,0,0,4,0,0,0,1,0,13,0,0,0,0,3,0,1,0,0,0,0,0,0,8,0,0
1911868,SB06_#6.png,Dec,24,SB6,6,100,0,0,0,0,0,0,0,0,0,3,11,0,0,0,0,0,0,0,0,0,0,0,0,1,0,0,5,2,1,26,0,2,19,0,0,1,3,0,0,2,0,0,0,2,2,9,0,0,1,0,1,0,0,0,0,0,0,0,0,8,0,1
1911867,SB06_#7.png,Dec,24,SB6,7,100,0,0,0,0,0,0,0,0,0,6,3,0,0,0,0,0,0,0,0,0,0,0,0,2,0,0,6,0,1,17,0,4,15,0,0,3,1,2,2,7,0,0,0,2,0,12,0,2,0,0,3,0,0,0,0,0,0,0,0,11,0,1
1911866,SB06_#8.png,Dec,24,SB6,8,100,0,25,0,0,0,1,0,0,0,0,6,0,0,0,0,0,0,0,7,0,0,0,0,1,0,0,2,1,0,25,0,0,13,0,0,3,0,7,0,0,0,0,0,0,0,0,0,0,0,0,5,0,0,0,0,0,0,0,0,4,0,0
1911865,SB06_#9.png,Dec,24,SB6,9,100,0,4,0,0,0,0,0,0,0,1,0,0,0,0,0,1,2,0,24,0,0,0,0,0,0,0,3,1,0,19,0,1,8,5,0,8,0,4,4,0,0,0,0,1,0,4,1,0,0,0,1,0,1,0,0,0,0,0,0,7,0,0